"City Name","Country","Region","CBD Location","CBD Location","Land Cover Dates","Land Cover Dates","Land Cover Dates",,"Urban Extent Population","Urban Extent Population",,,"Built-up Area Total  (ha)","Built-up Area Total  (ha)",,"Urban Built-up Area (ha)","Urban Built-up Area (ha)","Urban Built-up Area (ha)",,"Surburban Built-up Area (ha)",,,,"Rural Built-up Area  (ha)",,,,"Urbanized Open Space  (ha)",,,,"Urban Extent (ha)",,,,"Built-up Area Density (persons/ha)",,,,"Urban Extent Density (persons / ha)",,,,"Fragmentation: Saturation  (Built-up Area/Urban Extent)",,,," Fragmentation: Openness index",,,,"Compactness: Proximity index",,,,"Compactness: Cohesion index",,,,"Total Added Area (ha)",,,"Added Area: Infill (ha)",,,,"Added Area: Extension (ha)",,,,"Added Area: Leapfrog (ha)",,,,"Added Area: Inclusion (ha)",,,
,,,"Latitude","Longitude","T1","T2","T3","T1","T2","T3","Annual Change T2-T3","T1","T2","T3","Annual Change T2-T3","T1","T2","T3","Annual Change T2-T3","T1","T2","T3","Annual Change T2-T3","T1","T2","T3","Annual Change T2-T3","T1","T2","T3","Annual Change T2-T3","T1","T2","T3","Annual Change T2-T3","T1","T2","T3","Annual Change T2-T3","T1","T2","T3","Annual Change T2-T3","T1","T2","T3","Annual Change T2-T3","T1","T2","T3","Annual Change T2-T3","T1","T2","T3","Annual Change T2-T3","T1","T2","T3","Annual Change T2-T3","T1-T2","T2-T3","(T2-T3)/   (T1-T2)","T1-T2","Percent T1-T2 Added Area","T2-T3","Percent T2-T3 Added Area","T1-T2","Percent T1-T2 Added Area","T2-T3","Percent T2-T3 Added Area","T1-T2","Percent T1-T2 Added Area","T2-T3","Percent T2-T3 Added Area","T1-T2","Percent T1-T2 Added Area","T2-T3","Percent T2-T3 Added Area"
"Accra","Ghana","Sub-Saharan Africa",5.615,-0.159,"1/1/91","2/1/00","3/1/14",1307784,2513026,4429649,"4.0%",10022,32171,61781,"4.6%",9053,29166,52848,"4.2%",909,2822,8366,"7.7%",61,184,567,"8.0%",3301,9070,25431,"7.3%",13324,41241,87212,"5.3%",130,78,72,"-0.6%",98,61,51,"-1.3%",0.75,0.78,0.71,"-0.7%",0.21,0.16,0.22,"1.9%",0.81,0.77,0.72,"-0.5%",0.79,0.77,0.71,"-0.6%",22148,29609,1.3,3091,"14%",5522,"19%",13830,"62%",18718,"63%",2353,"10.6%",0,"0.0%",2874,"13%",5368,"18%"
"Addis Ababa","Ethiopia","Sub-Saharan Africa",9.001,38.756,"1/1/86","12/1/00","12/1/10",1445701,2276356,3009130,"2.8%",7531,11713,21133,"5.9%",6243,9342,18483,"6.8%",1198,2188,2467,"1.2%",90,183,183,"0.0%",4019,6532,8495,"2.6%",11550,18245,29628,"4.8%",192,194,142,"-3.1%",125,125,102,"-2.1%",0.65,0.64,0.71,"1.1%",0.29,0.29,0.24,"-2.1%",0.95,0.85,0.84,"-0.1%",0.95,0.83,0.82,"-0.2%",4181,9420,2.3,1077,"26%",2996,"32%",2013,"48%",5520,"59%",0,"0.0%",1,"0.0%",1091,"26%",903,"10%"
"Ahmedabad","India","South and Central Asia",23.037,72.589,"12/1/89","10/1/00","10/1/13",3737723,4718391,6232952,"2.1%",12174,15916,21103,"2.2%",10356,14149,18932,"2.2%",1698,1642,2035,"1.6%",120,125,137,"0.7%",5018,5376,6306,"1.2%",17192,21292,27409,"1.9%",307,296,295,"0.0%",217,222,227,"0.2%",0.71,0.75,0.77,"0.2%",0.25,0.2,0.19,"-0.8%",0.92,0.93,0.94,"0.1%",0.91,0.92,0.93,"0.1%",3742,5186,1.4,1777,"47%",1847,"36%",1418,"38%",2747,"53%",0,"0.0%",0,"0.0%",548,"15%",592,"11%"
"Ahvaz","Iran","South and Central Asia",31.32,48.665,"11/1/91","9/1/00","9/1/13",698310,853527,1178560,"2.5%",7079,9200,12873,"2.6%",5421,7520,10520,"2.6%",1577,1605,2203,"2.4%",82,74,150,"5.4%",2770,3497,6026,"4.2%",9849,12697,18899,"3.1%",99,93,92,"-0.1%",71,67,62,"-0.6%",0.72,0.72,0.68,"-0.5%",0.33,0.29,0.28,"-0.3%",0.72,0.77,0.81,"0.4%",0.7,0.75,0.79,"0.4%",2120,3673,1.7,517,"24%",773,"21%",858,"40%",1622,"44%",539,"25.4%",626,"17.0%",206,"10%",652,"18%"
"Alexandria","Egypt","Western Asia and North Africa",31.152,29.884,"10/1/87","4/1/99","7/1/13",2558891,3132780,4345193,"2.3%",7818,15514,22782,"2.7%",6757,13157,18900,"2.5%",998,2234,3625,"3.4%",64,122,257,"5.2%",2175,4843,7637,"3.2%",9993,20356,30418,"2.8%",327,202,191,"-0.4%",256,154,143,"-0.5%",0.78,0.76,0.75,"-0.1%",0.22,0.24,0.24,"0.0%",0.42,0.43,0.41,"-0.3%",0.42,0.45,0.41,"-0.6%",7749,7317,0.9,1307,"17%",1748,"24%",4506,"58%",3586,"49%",0,"0.0%",288,"3.9%",1936,"25%",1695,"23%"
"Algiers","Algeria","Western Asia and North Africa",36.732,3.14,"8/1/87","6/1/00","7/1/14",1535735,2184791,3085561,"2.5%",7446,15639,27798,"4.1%",4440,11382,20537,"4.2%",2810,3959,6835,"3.9%",196,298,426,"2.5%",6458,9801,17014,"3.9%",13903,25439,44812,"4.0%",206,140,111,"-1.6%",110,86,69,"-1.6%",0.54,0.61,0.62,"0.1%",0.45,0.37,0.33,"-0.7%",0.69,0.66,0.72,"0.6%",0.69,0.65,0.7,"0.6%",8200,12168,1.5,2533,"31%",3615,"30%",2404,"29%",4990,"41%",407,"5.0%",0,"0.0%",2856,"35%",3563,"29%"
"Anqing, Anhui","China","East Asia and the Pacific",30.536,117.05,"9/1/90","4/1/00","10/1/13",402524,350035,642626,"4.5%",2274,2788,8779,"8.5%",1593,1835,6077,"8.9%",631,883,2532,"7.8%",50,69,170,"6.7%",1230,1851,5964,"8.7%",3504,4639,14742,"8.6%",177,126,73,"-4.0%",115,75,44,"-4.1%",0.65,0.6,0.6,"-0.1%",0.34,0.36,0.35,"-0.1%",0.69,0.78,0.77,"-0.1%",0.68,0.77,0.74,"-0.3%",513,5991,11.7,116,"23%",850,"14%",237,"46%",4204,"70%",0,"0.0%",0,"0.0%",160,"31%",937,"16%"
"Antwerp","Belgium","Europe and Japan",51.22,4.403,"7/1/90","8/1/00","9/1/13",885820,1107990,1277376,"1.1%",21677,35705,43115,"1.4%",12290,20448,27604,"2.3%",8737,14152,14523,"0.2%",650,1105,988,"-0.9%",17705,29970,32288,"0.6%",39381,65676,75403,"1.1%",41,31,30,"-0.4%",22,17,17,"0.0%",0.55,0.54,0.57,"0.4%",0.44,0.43,0.4,"-0.6%",0.68,0.74,0.76,"0.3%",0.67,0.73,0.75,"0.3%",14029,7416,0.5,3454,"25%",3537,"48%",2417,"17%",1147,"15%",226,"1.6%",560,"7.6%",7931,"57%",2171,"29%"
"Arusha","Tanzania","Sub-Saharan Africa",36.695,-3.37,"10/1/88","9/1/00","10/1/13",84150,181168,377169,"5.6%",178,694,1563,"6.2%",39,381,761,"5.3%",125,287,747,"7.3%",14,26,55,"5.7%",207,695,1666,"6.7%",385,1389,3229,"6.5%",472,261,241,"-0.6%",218,130,117,"-0.8%",0.46,0.5,0.48,"-0.2%",0.59,0.47,0.48,"0.2%",0.94,0.92,0.83,"-0.8%",0.93,0.92,0.82,"-0.9%",515,869,1.7,79,"15%",116,"13%",362,"70%",585,"67%",0,"0.0%",0,"0.0%",74,"14%",168,"19%"
"Astrakhan","Russia","Europe and Japan",46.34,48.02,"7/1/88","9/1/03","3/1/14",475766,532541,567629,"0.6%",5623,13289,14857,"1.1%",3510,9965,11514,"1.4%",1952,3075,3107,"0.1%",161,250,236,"-0.6%",3729,7808,7459,"-0.4%",9351,21098,22316,"0.5%",85,40,38,"-0.5%",51,25,25,"0.1%",0.6,0.63,0.67,"0.5%",0.42,0.33,0.31,"-0.7%",0.77,0.78,0.77,"0.0%",0.75,0.76,0.75,"-0.1%",7684,1567,0.2,2153,"28%",1009,"64%",3970,"52%",130,"8%",0,"0.0%",127,"8.1%",1562,"20%",301,"19%"
"Auckland","New Zealand","Land-Rich Developed Countries",-36.915,174.786,"6/1/89","9/1/01","4/1/14",838074,1031718,1300733,"1.8%",27643,29918,34602,"1.2%",22728,24972,30012,"1.5%",4707,4735,4361,"-0.7%",207,211,229,"0.6%",13892,14707,14225,"-0.3%",41535,44625,48826,"0.7%",30,34,38,"0.7%",20,23,27,"1.1%",0.67,0.67,0.71,"0.4%",0.33,0.32,0.29,"-1.0%",0.73,0.73,0.73,"0.1%",0.71,0.72,0.72,"0.0%",2275,4683,2.1,896,"39%",2696,"58%",783,"34%",1307,"28%",261,"11.5%",3,"0.1%",335,"15%",677,"14%"
"Bacolod","Philippines","Southeast Asia",10.664,122.961,"12/1/92","9/1/00","3/1/15",269117,378445,443456,"1.1%",888,2788,3297,"1.2%",450,2249,2608,"1.0%",407,507,625,"1.4%",31,33,64,"4.6%",895,1309,1628,"1.5%",1783,4097,4925,"1.3%",303,136,134,"-0.1%",151,92,90,"-0.2%",0.5,0.68,0.67,"-0.1%",0.48,0.31,0.31,"0.0%",0.83,0.88,0.83,"-0.4%",0.82,0.87,0.81,"-0.5%",1900,509,0.3,536,"28%",155,"30%",1117,"59%",137,"27%",0,"0.0%",0,"0.0%",247,"13%",217,"43%"
"Baghdad","Iraq","Western Asia and North Africa",33.32,44.379,"8/1/90","8/1/00","8/1/13",2837103,3985382,5279193,"2.2%",34867,43502,56288,"2.0%",23812,34312,48597,"2.7%",10475,8618,7170,"-1.4%",580,573,522,"-0.7%",27413,25284,21207,"-1.4%",62280,68786,77496,"0.9%",81,92,94,"0.2%",46,58,68,"1.2%",0.56,0.63,0.73,"1.1%",0.41,0.34,0.24,"-2.6%",0.79,0.82,0.84,"0.2%",0.77,0.78,0.81,"0.3%",8635,12785,1.5,5976,"69%",8335,"65%",1272,"15%",2665,"21%",40,"0.5%",100,"0.8%",1347,"16%",1685,"13%"
"Baku","Azerbaijan","Western Asia and North Africa",40.4,49.881,"7/1/89","1/1/00","8/1/14",1318615,1383761,1671787,"1.3%",9358,13691,18670,"2.1%",7705,11559,16498,"2.4%",1582,1993,2040,"0.2%",72,138,132,"-0.3%",4889,6293,6992,"0.7%",14247,19984,25662,"1.7%",141,101,90,"-0.8%",93,69,65,"-0.4%",0.66,0.69,0.73,"0.4%",0.32,0.29,0.24,"-1.2%",0.85,0.81,0.82,"0.1%",0.85,0.8,0.82,"0.1%",4332,4979,1.1,1533,"35%",2195,"44%",1265,"29%",164,"3%",185,"4.3%",1970,"39.6%",1348,"31%",650,"13%"
"Bamako","Mali","Sub-Saharan Africa",12.65,-8,"1/1/90","10/1/00","11/1/13",352486,1113715,2358106,"5.7%",2648,8975,17644,"5.2%",2118,7574,14501,"5.0%",490,1318,2943,"6.1%",40,82,200,"6.8%",1432,4163,7894,"4.9%",4081,13138,25538,"5.1%",133,124,134,"0.6%",86,85,92,"0.7%",0.65,0.68,0.69,"0.1%",0.32,0.26,0.25,"-0.2%",0.76,0.83,0.82,"-0.1%",0.76,0.84,0.81,"-0.2%",3623,8683,2.4,1084,"30%",2344,"27%",985,"27%",2497,"29%",1399,"38.6%",2816,"32.4%",155,"4%",1026,"12%"
"Bangkok","Thailand","Southeast Asia",13.778,100.538,"3/1/88","1/1/02","1/1/15",6048386,9223566,14011131,"3.2%",50746,90085,172912,"5.0%",28991,60619,122660,"5.4%",20317,27470,47004,"4.1%",1438,1995,3248,"3.7%",46179,66933,121550,"4.6%",96925,157018,294462,"4.8%",119,102,81,"-1.8%",62,59,48,"-1.6%",0.52,0.57,0.59,"0.2%",0.45,0.39,0.36,"-0.6%",0.77,0.77,0.82,"0.4%",0.76,0.75,0.8,"0.5%",39339,82792,2.1,14603,"37%",23466,"28%",12534,"32%",40743,"49%",115,"0.3%",149,"0.2%",12087,"31%",18434,"22%"
"Beijing, Beijing","China","East Asia and the Pacific",39.92,116.37,"12/1/88","7/1/99","10/1/13",6037392,9869844,20669397,"5.2%",66759,114226,265434,"5.9%",54320,86180,175362,"5.0%",11580,26006,83883,"8.2%",859,2041,6189,"7.8%",31973,61299,190250,"7.9%",98733,175525,455684,"6.7%",90,86,78,"-0.7%",61,56,45,"-1.5%",0.68,0.65,0.58,"-0.8%",0.25,0.28,0.34,"1.5%",0.9,0.7,0.8,"0.9%",0.89,0.69,0.77,"0.8%",47466,151207,3.2,12868,"27%",27567,"18%",9876,"21%",54735,"36%",1484,"3.1%",362,"0.2%",23239,"49%",68542,"45%"
"Beira","Mozambique","Sub-Saharan Africa",-19.831,34.86,"3/1/91","5/1/01","7/1/13",131884,143908,382575,"8.0%",1038,1596,6208,"11.2%",387,1152,3225,"8.5%",631,421,2818,"15.6%",20,23,165,"16.3%",1169,1035,5944,"14.4%",2207,2631,12153,"12.6%",127,90,62,"-3.1%",60,55,31,"-4.5%",0.47,0.61,0.51,"-1.4%",0.54,0.4,0.48,"1.5%",0.88,0.89,0.4,"-6.5%",0.87,0.88,0.43,"-6.0%",558,4612,8.3,372,"67%",540,"12%",99,"18%",545,"12%",0,"0.0%",85,"1.8%",87,"16%",3442,"75%"
"Belgaum","India","South and Central Asia",15.85,74.506,"11/1/89","11/1/00","4/1/14",229412,358119,636865,"4.3%",335,762,2779,"9.6%",181,324,1563,"11.7%",137,409,1146,"7.7%",18,29,70,"6.6%",322,807,2278,"7.7%",657,1570,5057,"8.7%",685,470,229,"-5.4%",349,228,126,"-4.4%",0.51,0.49,0.55,"0.9%",0.47,0.5,0.45,"-0.7%",0.8,0.76,0.73,"-0.3%",0.81,0.77,0.72,"-0.5%",427,2016,4.7,60,"14%",313,"16%",273,"64%",1044,"52%",0,"0.0%",86,"4.3%",94,"22%",573,"28%"
"Belgrade","Serbia","Europe and Japan",44.798,20.447,"8/1/88","7/1/00","3/1/14",801013,876835,963946,"0.7%",8620,10198,12565,"1.5%",7078,8303,9819,"1.2%",1443,1786,2573,"2.7%",99,110,173,"3.3%",3906,4492,6522,"2.7%",12525,14691,19087,"1.9%",93,86,77,"-0.8%",64,60,51,"-1.2%",0.69,0.69,0.66,"-0.4%",0.29,0.28,0.31,"0.8%",0.82,0.81,0.76,"-0.5%",0.8,0.8,0.74,"-0.6%",1579,3410,2.2,703,"45%",845,"25%",439,"28%",1058,"31%",4,"0.2%",0,"0.0%",433,"27%",1507,"44%"
"Belo Horizonte","Brazil","Latin America and the Caribbean",-19.904,-44.005,"6/1/89","6/1/00","5/1/13",2709529,3479598,4038047,"1.2%",33855,43054,48701,"1.0%",28642,37953,43236,"1.0%",4802,4756,5063,"0.5%",411,345,403,"1.2%",15173,14798,15850,"0.5%",49027,57852,64552,"0.8%",80,81,83,"0.2%",55,60,63,"0.3%",0.69,0.74,0.75,"0.1%",0.25,0.2,0.18,"-0.7%",0.83,0.85,0.85,"0.0%",0.82,0.84,0.84,"0.0%",9199,5647,0.6,5274,"57%",3066,"54%",2578,"28%",1063,"19%",27,"0.3%",133,"2.4%",1320,"14%",1384,"25%"
"Berezniki","Russia","Europe and Japan",59.415,56.795,"7/1/89","5/1/00","7/1/10",137284,127504,112760,"-1.2%",2884,3912,4276,"0.9%",1713,2990,3335,"1.1%",1096,865,881,"0.2%",76,57,60,"0.5%",2459,2319,2405,"0.4%",5343,6231,6681,"0.7%",48,33,26,"-2.1%",26,20,17,"-1.9%",0.54,0.63,0.64,"0.2%",0.46,0.36,0.34,"-0.6%",0.88,0.9,0.91,"0.1%",0.87,0.89,0.89,"0.1%",1027,364,0.4,614,"60%",218,"60%",263,"26%",69,"19%",0,"0.0%",2,"0.5%",151,"15%",74,"20%"
"Berlin","Germany","Europe and Japan",52.502,13.453,"8/1/90","8/1/00","12/1/13",3248604,3510570,3860243,"0.7%",24707,44413,68743,"3.3%",16462,32592,53160,"3.7%",7632,11121,14526,"2.0%",613,701,1057,"3.1%",20179,29724,40283,"2.3%",44886,74137,109026,"2.9%",131,79,56,"-2.6%",72,47,35,"-2.2%",0.55,0.6,0.63,"0.4%",0.39,0.35,0.34,"-0.3%",0.89,0.86,0.81,"-0.4%",0.88,0.83,0.78,"-0.5%",19706,24329,1.2,6958,"35%",8613,"35%",6344,"32%",5048,"21%",19,"0.1%",836,"3.4%",6385,"32%",9832,"40%"
"Bicheng, Chongqing","China","East Asia and the Pacific",29.595,106.231,"9/1/88","7/1/00","6/1/13",84136,119872,238159,"5.3%",157,510,5019,"17.7%",85,381,3512,"17.2%",62,115,1377,"19.2%",10,14,130,"17.5%",137,257,2798,"18.5%",295,767,7816,"18.0%",535,235,47,"-12.4%",286,156,30,"-12.7%",0.53,0.67,0.64,"-0.3%",0.49,0.33,0.33,"0.0%",0.96,0.89,0.49,"-4.5%",0.95,0.88,0.5,"-4.3%",352,4508,12.8,49,"14%",131,"3%",254,"72%",3603,"80%",0,"0.0%",113,"2.5%",49,"14%",661,"15%"
"Bogota","Colombia","Latin America and the Caribbean",4.644,-74.129,"12/1/89","1/1/01","1/1/10",4438705,6362428,7801693,"2.3%",24582,28501,31895,"1.3%",22111,25837,29663,"1.5%",2298,2501,2111,"-1.9%",173,163,121,"-3.3%",7541,8134,7828,"-0.4%",32123,36635,39723,"0.9%",181,223,245,"1.0%",138,174,196,"1.4%",0.77,0.78,0.8,"0.4%",0.19,0.18,0.16,"-1.7%",0.84,0.86,0.87,"0.2%",0.83,0.85,0.86,"0.2%",3919,3394,0.9,1654,"42%",1988,"59%",1616,"41%",1148,"34%",2,"0.0%",6,"0.2%",647,"17%",252,"7%"
"Budapest","Hungary","Europe and Japan",47.484,19.09,"7/1/92","6/1/02","7/1/13",2041591,1885418,2272785,"1.7%",27061,28413,52029,"5.5%",22831,23866,42061,"5.1%",3942,4253,9331,"7.1%",288,295,638,"7.0%",10262,11035,23686,"6.9%",37323,39449,75715,"5.9%",75,66,44,"-3.8%",55,48,30,"-4.2%",0.73,0.72,0.69,"-0.4%",0.25,0.25,0.27,"0.6%",0.82,0.78,0.79,"0.0%",0.79,0.76,0.76,"0.0%",1398,23655,16.9,127,"9%",5171,"22%",124,"9%",7107,"30%",101,"7.2%",0,"0.0%",1045,"75%",11377,"48%"
"Buenos Aires","Argentina","Latin America and the Caribbean",-34.652,-58.547,"5/1/89","12/1/01","3/1/14",10568200,11494967,13879006,"1.5%",99014,115643,147306,"2.0%",87998,103531,132652,"2.0%",10275,11337,13632,"1.5%",742,774,1022,"2.3%",34000,37989,46088,"1.6%",133014,153632,193394,"1.9%",107,99,94,"-0.4%",79,75,72,"-0.3%",0.74,0.75,0.76,"0.1%",0.2,0.19,0.17,"-0.7%",0.83,0.83,0.82,"-0.1%",0.82,0.82,0.81,"-0.1%",16628,31666,1.9,8015,"48%",14456,"46%",4946,"30%",11602,"37%",401,"2.4%",48,"0.2%",3266,"20%",5559,"18%"
"Bukhara","Uzbekistan","South and Central Asia",39.763,64.465,"4/1/91","7/1/00","8/1/13",42305,138578,369044,"7.5%",724,4161,14153,"9.4%",248,2120,9827,"11.7%",441,1893,4061,"5.8%",36,148,265,"4.5%",872,3822,7483,"5.1%",1596,7983,21636,"7.6%",58,33,26,"-1.9%",27,17,17,"-0.1%",0.45,0.52,0.65,"1.7%",0.54,0.49,0.36,"-2.3%",0.84,0.74,0.76,"0.2%",0.83,0.73,0.76,"0.3%",3436,9992,2.9,421,"12%",2071,"21%",1959,"57%",1387,"14%",34,"1.0%",268,"2.7%",1021,"30%",6265,"63%"
"Busan","Korea Rep.","East Asia and the Pacific",35.167,129.036,"2/1/91","10/1/00","9/1/13",3731022,3837305,3974065,"0.3%",13690,20898,32657,"3.5%",10630,16517,25259,"3.3%",2855,4113,6899,"4.0%",204,267,499,"4.8%",5966,8423,15228,"4.6%",19656,29321,47885,"3.8%",273,184,122,"-3.2%",190,131,83,"-3.5%",0.7,0.71,0.68,"-0.3%",0.32,0.29,0.31,"0.3%",0.7,0.69,0.65,"-0.5%",0.69,0.68,0.64,"-0.5%",7212,11738,1.6,2116,"29%",2410,"21%",2657,"37%",4459,"38%",151,"2.1%",1,"0.0%",2287,"32%",4869,"41%"
"Cabimas","Venezuela","Latin America and the Caribbean",10.284,-71.37,"12/1/89","1/1/00","1/1/14",238324,384017,460894,"1.3%",5896,7912,9488,"1.3%",4797,6577,8194,"1.6%",1022,1263,1223,"-0.2%",76,71,71,"0.0%",2413,3142,3452,"0.7%",8309,11054,12940,"1.1%",40,49,49,"0.0%",29,35,36,"0.2%",0.71,0.72,0.73,"0.2%",0.27,0.26,0.23,"-0.8%",0.32,0.33,0.36,"0.6%",0.35,0.35,0.38,"0.5%",2016,1538,0.8,815,"40%",692,"45%",713,"35%",661,"43%",5,"0.3%",0,"0.0%",483,"24%",185,"12%"
"Cairo","Egypt","Western Asia and North Africa",30.034,31.282,"8/1/92","4/1/03","5/1/13",9621785,11928479,15734934,"2.7%",29717,45508,93093,"7.1%",24381,39689,74782,"6.3%",5000,5387,17100,"11.5%",336,432,1211,"10.2%",11486,12665,43303,"12.2%",41203,58172,136396,"8.5%",324,262,169,"-4.4%",234,205,115,"-5.7%",0.72,0.78,0.68,"-1.4%",0.26,0.2,0.26,"2.6%",0.67,0.7,0.71,"0.1%",0.66,0.68,0.69,"0.1%",15791,47584,3,5700,"36%",8543,"18%",7675,"49%",23837,"50%",294,"1.9%",81,"0.2%",2122,"13%",15123,"32%"
"Caracas","Venezuela","Latin America and the Caribbean",10.479,-66.897,"5/1/91","3/1/01","1/1/14",2549725,2868565,3104392,"0.6%",12789,14885,16352,"0.7%",9864,11946,13283,"0.8%",2741,2770,2894,"0.3%",183,169,175,"0.3%",6985,7282,7851,"0.6%",19774,22167,24202,"0.7%",199,193,190,"-0.1%",129,129,128,"-0.1%",0.65,0.67,0.68,"0.0%",0.3,0.28,0.26,"-0.4%",0.75,0.76,0.77,"0.1%",0.73,0.75,0.77,"0.1%",2096,1466,0.7,1172,"56%",799,"54%",493,"24%",366,"25%",52,"2.5%",24,"1.7%",379,"18%",277,"19%"
"Cebu City","Philippines","Southeast Asia",10.322,123.907,"8/1/93","8/1/00","2/1/14",942998,1338323,2391839,"4.3%",4649,6686,12462,"4.6%",3525,4834,9488,"5.0%",1042,1698,2828,"3.8%",81,153,146,"-0.4%",2680,4201,6396,"3.1%",7329,10887,18858,"4.1%",203,200,192,"-0.3%",129,123,127,"0.2%",0.63,0.61,0.66,"0.5%",0.33,0.34,0.3,"-0.9%",0.68,0.65,0.66,"0.0%",0.67,0.65,0.64,"-0.1%",2036,5677,2.8,562,"28%",2003,"35%",339,"17%",1376,"24%",623,"30.6%",981,"17.3%",513,"25%",1316,"23%"
"Changzhi, Hunan","China","East Asia and the Pacific",36.192,113.116,"10/1/92","10/1/00","6/1/14",286761,346288,822355,"6.3%",2921,4516,11526,"6.9%",2010,3230,7712,"6.4%",843,1183,3517,"8.0%",68,103,297,"7.8%",1902,3040,8192,"7.3%",4823,7556,19718,"7.0%",98,77,71,"-0.5%",59,46,42,"-0.7%",0.61,0.6,0.58,"-0.2%",0.38,0.34,0.36,"0.4%",0.9,0.95,0.58,"-3.6%",0.89,0.93,0.61,"-3.1%",1595,7029,4.4,543,"34%",1105,"16%",595,"37%",1437,"20%",6,"0.4%",0,"0.0%",451,"28%",4487,"64%"
"Changzhou, Jingsu","China","East Asia and the Pacific",31.775,119.97,"10/1/89","3/1/00","3/1/14",1001960,1523237,3075746,"5.0%",4802,17577,49226,"7.4%",3568,13386,38358,"7.5%",1141,3942,10187,"6.8%",92,248,680,"7.2%",2601,8083,28475,"9.0%",7403,25660,77700,"7.9%",209,87,62,"-2.3%",135,59,40,"-2.9%",0.65,0.68,0.63,"-0.6%",0.34,0.29,0.31,"0.4%",0.69,0.86,0.87,"0.2%",0.67,0.84,0.85,"0.1%",12775,31648,2.5,1618,"13%",4018,"13%",9726,"76%",20132,"64%",0,"0.0%",33,"0.1%",1431,"11%",7464,"24%"
"Chengdu, Sichuan","China","East Asia and the Pacific",30.667,104.051,"5/1/88","5/1/00","3/1/09",2019420,5117629,9339734,"6.8%",10241,36391,114992,"13.0%",8740,28538,93115,"13.4%",1374,7286,20064,"11.5%",128,567,1813,"13.2%",3953,16750,52688,"13.0%",14194,53140,167680,"13.0%",197,141,81,"-6.2%",142,96,56,"-6.2%",0.72,0.68,0.69,"0.0%",0.23,0.26,0.25,"-0.4%",0.98,0.69,0.79,"1.6%",0.98,0.66,0.76,"1.6%",26149,78501,3,3715,"14%",10372,"13%",16669,"64%",53833,"69%",10,"0.0%",107,"0.1%",5755,"22%",14189,"18%"
"Chengguan, Guizhou","China","East Asia and the Pacific",26.68,105.769,"8/1/90","11/1/00","6/1/13",52551,95957,117083,"1.6%",174,283,673,"6.9%",109,187,454,"7.0%",57,87,204,"6.8%",8,9,15,"3.8%",132,178,400,"6.4%",305,461,1072,"6.7%",303,339,174,"-5.3%",172,208,109,"-5.1%",0.57,0.61,0.63,"0.2%",0.44,0.39,0.37,"-0.4%",0.96,0.9,0.82,"-0.7%",0.95,0.89,0.81,"-0.8%",109,389,3.6,38,"35%",51,"13%",44,"40%",295,"76%",0,"0.0%",0,"0.0%",27,"25%",43,"11%"
"Cheonan","Korea Rep.","East Asia and the Pacific",36.826,127.144,"2/1/91","8/1/00","9/1/14",111318,210488,552995,"6.9%",916,2900,9037,"8.1%",707,1683,4528,"7.0%",193,1115,4153,"9.3%",16,101,356,"8.9%",551,2163,8014,"9.3%",1467,5063,17051,"8.6%",122,73,61,"-1.2%",76,42,32,"-1.8%",0.62,0.57,0.53,"-0.6%",0.32,0.39,0.44,"0.8%",0.96,0.82,0.66,"-1.6%",0.95,0.8,0.64,"-1.6%",1983,6137,3.1,267,"13%",984,"16%",1142,"58%",1635,"27%",0,"0.0%",0,"0.0%",574,"29%",3518,"57%"
"Chicago","United States","Land-Rich Developed Countries",41.86,-87.864,"6/1/89","9/1/01","9/1/14",7325015,8509731,8913778,"0.4%",340562,452051,510972,"0.9%",295049,387572,440661,"1.0%",42131,60181,65517,"0.7%",3382,4298,4793,"0.8%",136571,177800,189867,"0.5%",477133,629852,700838,"0.8%",22,19,17,"-0.6%",15,14,13,"-0.5%",0.71,0.72,0.73,"0.1%",0.22,0.21,0.21,"-0.1%",0.81,0.84,0.85,"0.1%",0.8,0.82,0.84,"0.1%",111489,59804,0.5,47798,"43%",27834,"47%",37604,"34%",15032,"25%",29,"0.0%",770,"1.3%",26058,"23%",16169,"27%"
"Cirebon","Indonesia","Southeast Asia",-6.702,108.497,"10/1/89","10/1/00","6/1/14",98401,328368,1044889,"8.5%",285,1154,6404,"12.5%",24,315,3719,"18.1%",242,766,2494,"8.6%",19,74,191,"7.0%",444,1601,4471,"7.5%",728,2755,10875,"10.0%",346,285,163,"-4.1%",135,119,96,"-1.6%",0.39,0.42,0.59,"2.5%",0.63,0.57,0.42,"-2.2%",0.85,0.77,0.7,"-0.7%",0.85,0.76,0.68,"-0.9%",869,5249,6,127,"15%",1138,"22%",505,"58%",2563,"49%",0,"0.0%",12,"0.2%",237,"27%",1536,"29%"
"Cleveland","United States","Land-Rich Developed Countries",41.47,-81.636,"4/1/90","3/1/00","6/1/13",1376230,1622727,1865023,"1.1%",43934,72699,116854,"3.6%",30400,51594,88282,"4.1%",12737,19782,26964,"2.3%",797,1322,1608,"1.5%",35462,52108,75302,"2.8%",79395,124807,192157,"3.3%",31,22,16,"-2.5%",17,13,10,"-2.2%",0.55,0.58,0.61,"0.3%",0.39,0.34,0.32,"-0.4%",0.8,0.7,0.71,"0.1%",0.8,0.69,0.7,"0.1%",28764,44156,1.5,11427,"40%",16067,"36%",11160,"39%",13225,"30%",1,"0.0%",21,"0.0%",6177,"21%",14843,"34%"
"Cochabamba","Bolivia","Latin America and the Caribbean",-17.391,-66.17,"7/1/90","6/1/00","7/1/13",485412,723799,1034944,"2.7%",5546,11323,16736,"3.0%",3606,9113,12831,"2.6%",1803,2024,3633,"4.5%",136,186,272,"2.9%",3958,5777,9559,"3.8%",9504,17100,26295,"3.3%",88,64,62,"-0.3%",51,42,39,"-0.6%",0.58,0.66,0.64,"-0.3%",0.39,0.27,0.29,"0.5%",0.61,0.66,0.69,"0.4%",0.57,0.63,0.67,"0.5%",5777,5412,0.9,2031,"35%",1548,"29%",3092,"54%",2576,"48%",0,"0.0%",43,"0.8%",654,"11%",1245,"23%"
"Coimbatore","India","South and Central Asia",11.015,76.973,"1/1/92","10/1/00","2/1/14",528106,959042,1650080,"4.1%",3630,7310,12191,"3.8%",2307,4468,7734,"4.1%",1239,2632,4081,"3.3%",84,210,376,"4.4%",3172,6527,10243,"3.4%",6802,13836,22434,"3.6%",145,131,135,"0.2%",78,69,74,"0.4%",0.53,0.53,0.54,"0.2%",0.44,0.43,0.4,"-0.6%",0.87,0.78,0.77,"-0.1%",0.86,0.76,0.75,"-0.1%",3679,4881,1.3,967,"26%",1798,"37%",1141,"31%",1413,"29%",0,"0.0%",59,"1.2%",1572,"43%",1611,"33%"
"Cordoba","Argentina","Latin America and the Caribbean",-31.381,-64.216,"12/1/91","11/1/01","7/1/14",1128755,1233898,1392944,"1.0%",15909,19222,24542,"1.9%",13556,16584,20270,"1.6%",2214,2432,3965,"3.9%",140,206,307,"3.1%",5959,7748,10945,"2.7%",21868,26970,35487,"2.2%",71,64,57,"-1.0%",52,46,39,"-1.2%",0.73,0.71,0.69,"-0.2%",0.22,0.21,0.23,"0.5%",0.88,0.9,0.87,"-0.3%",0.87,0.9,0.86,"-0.4%",3312,5320,1.6,1498,"45%",1891,"36%",1214,"37%",1789,"34%",0,"0.0%",5,"0.1%",600,"18%",1634,"31%"
"Culiacan","Mexico","Latin America and the Caribbean",24.798,-107.402,"1/1/90","1/1/00","3/1/14",375046,483533,625346,"1.8%",5742,7896,11563,"2.7%",4921,6629,10008,"2.9%",776,1163,1451,"1.6%",44,104,104,"0.0%",1895,2871,3839,"2.1%",7636,10767,15402,"2.5%",65,61,54,"-0.9%",49,45,41,"-0.7%",0.75,0.73,0.75,"0.2%",0.23,0.23,0.21,"-0.8%",0.79,0.85,0.9,"0.4%",0.77,0.84,0.89,"0.4%",2154,3666,1.7,330,"15%",1083,"30%",1573,"73%",2158,"59%",30,"1.4%",0,"0.0%",221,"10%",425,"12%"
"Curitiba","Brazil","Latin America and the Caribbean",-25.463,-49.254,"9/1/90","7/1/00","1/1/14",1375084,2106460,2728388,"1.9%",14909,31150,44527,"2.6%",9646,24029,37503,"3.3%",4913,6707,6596,"-0.1%",350,415,428,"0.2%",13208,18072,19499,"0.6%",28118,49222,64027,"1.9%",92,68,61,"-0.7%",49,43,43,"0.0%",0.53,0.63,0.7,"0.7%",0.42,0.32,0.25,"-1.9%",0.91,0.88,0.89,"0.0%",0.89,0.86,0.87,"0.1%",16241,13376,0.8,5864,"36%",6789,"51%",7203,"44%",3752,"28%",163,"1.0%",302,"2.3%",3011,"19%",2533,"19%"
"Dhaka","Bangladesh","South and Central Asia",23.766,90.418,"11/1/89","10/1/99","3/1/14",4005507,6690664,13609023,"4.9%",7473,12478,24676,"4.7%",4798,8287,19795,"6.0%",2525,3885,4521,"1.1%",150,306,359,"1.1%",6404,10347,11865,"0.9%",13878,22825,36541,"3.3%",536,536,552,"0.2%",289,293,372,"1.7%",0.54,0.55,0.68,"1.5%",0.42,0.39,0.29,"-2.2%",0.77,0.67,0.65,"-0.2%",0.74,0.66,0.64,"-0.1%",5005,12156,2.4,1799,"36%",4991,"41%",1508,"30%",4972,"41%",0,"0.0%",14,"0.1%",1698,"34%",2179,"18%"
"Dzerzhinsk","Russia","Europe and Japan",56.241,43.455,"8/1/89","4/1/00","7/1/10",225340,201809,183841,"-0.9%",3278,4448,5047,"1.2%",2263,3683,4354,"1.6%",958,728,658,"-1.0%",57,36,35,"-0.3%",2484,1974,1813,"-0.8%",5762,6421,6860,"0.6%",69,45,36,"-2.1%",39,31,27,"-1.6%",0.57,0.69,0.74,"0.6%",0.42,0.3,0.26,"-1.3%",0.55,0.58,0.58,"0.0%",0.56,0.59,0.59,"0.0%",1169,599,0.5,809,"69%",359,"60%",239,"20%",113,"19%",1,"0.1%",0,"0.0%",121,"10%",127,"21%"
"Florianopolis","Brazil","Latin America and the Caribbean",-27.595,-48.613,"5/1/90","5/1/00","1/1/14",284463,375071,532951,"2.6%",4394,6719,10210,"3.1%",2685,4887,7748,"3.4%",1600,1700,2314,"2.3%",108,131,147,"0.8%",2838,3657,5640,"3.2%",7231,10375,15850,"3.1%",65,56,52,"-0.5%",39,36,34,"-0.5%",0.61,0.65,0.64,"0.0%",0.41,0.35,0.33,"-0.4%",0.57,0.58,0.65,"0.8%",0.55,0.57,0.64,"0.9%",2324,3491,1.5,962,"41%",1017,"29%",797,"34%",1618,"46%",118,"5.1%",0,"0.0%",447,"19%",856,"25%"
"Fukuoka","Japan","Europe and Japan",33.598,130.437,"5/1/93","5/1/01","4/1/14",1953223,2110744,2306030,"0.7%",23549,30518,34507,"1.0%",19829,26652,30259,"1.0%",3510,3617,3954,"0.7%",209,250,295,"1.3%",8829,10158,10996,"0.6%",32377,40676,45503,"0.9%",83,69,67,"-0.3%",60,52,51,"-0.2%",0.73,0.75,0.76,"0.1%",0.26,0.23,0.21,"-0.8%",0.67,0.7,0.69,"0.0%",0.64,0.68,0.67,"-0.1%",6975,4007,0.6,2595,"37%",1971,"49%",3658,"52%",1525,"38%",55,"0.8%",3,"0.1%",667,"10%",508,"13%"
"Gainesville, FL","United States","Land-Rich Developed Countries",29.661,-82.377,"7/1/90","10/1/00","10/1/13",112979,137912,175756,"1.9%",4516,6091,7663,"1.8%",2147,3227,3927,"1.5%",2235,2705,3540,"2.1%",134,159,196,"1.6%",4316,5536,7182,"2.0%",8832,11627,14845,"1.9%",25,23,23,"0.1%",13,12,12,"0.0%",0.51,0.52,0.52,"-0.1%",0.48,0.46,0.47,"0.1%",0.86,0.86,0.84,"-0.2%",0.86,0.85,0.83,"-0.2%",1574,1572,1,424,"27%",341,"22%",559,"36%",217,"14%",14,"0.9%",189,"12.0%",577,"37%",825,"52%"
"Gaoyou, Jiangsu","China","East Asia and the Pacific",32.792,119.43,"10/1/90","1/1/00","4/1/16",86595,70291,186351,"6.0%",695,1128,5336,"9.6%",576,856,4252,"9.9%",106,255,1003,"8.4%",14,18,81,"9.2%",164,444,2111,"9.6%",860,1572,7446,"9.6%",125,62,35,"-3.6%",101,45,25,"-3.6%",0.81,0.72,0.72,"0.0%",0.26,0.3,0.27,"-0.7%",0.96,0.94,0.83,"-0.8%",0.95,0.93,0.81,"-0.8%",432,4207,9.7,47,"11%",360,"9%",306,"71%",2771,"66%",0,"0.0%",4,"0.1%",79,"18%",1072,"25%"
"Gombe","Nigeria","Sub-Saharan Africa",10.29,11.167,"12/1/90","4/1/00","5/1/13",158339,222582,416874,"4.8%",950,1327,3699,"7.8%",691,1117,3064,"7.7%",236,191,587,"8.6%",22,19,48,"7.2%",521,544,1563,"8.1%",1471,1871,5262,"7.9%",167,168,113,"-3.0%",108,119,79,"-3.1%",0.65,0.71,0.7,"-0.1%",0.33,0.26,0.25,"-0.2%",0.86,0.9,0.81,"-0.8%",0.85,0.89,0.78,"-0.9%",377,2372,6.3,182,"48%",205,"9%",170,"45%",1913,"81%",0,"0.0%",0,"0.0%",25,"7%",253,"11%"
"Gomel","Belarus","Europe and Japan",52.432,30.972,"5/1/90","9/1/00","5/1/13",434467,501664,508557,"0.1%",5152,8738,9573,"0.7%",4345,7047,7764,"0.8%",763,1561,1693,"0.6%",44,129,117,"-0.8%",2250,3986,4013,"0.1%",7402,12724,13587,"0.5%",84,57,53,"-0.6%",59,39,37,"-0.4%",0.7,0.69,0.7,"0.2%",0.28,0.29,0.28,"-0.2%",0.93,0.78,0.78,"0.0%",0.92,0.75,0.75,"0.0%",3585,835,0.2,897,"25%",407,"49%",720,"20%",137,"16%",27,"0.7%",119,"14.2%",1941,"54%",172,"21%"
"Gorgan","Iran","South and Central Asia",36.843,54.436,"6/1/91","10/1/00","9/1/14",142123,227778,375741,"3.6%",1777,2523,3235,"1.8%",1280,2002,2571,"1.8%",467,473,606,"1.8%",31,49,58,"1.3%",883,956,1288,"2.1%",2660,3480,4523,"1.9%",80,90,116,"1.8%",53,65,83,"1.7%",0.67,0.73,0.72,"-0.1%",0.33,0.27,0.26,"-0.5%",0.86,0.86,0.86,"0.0%",0.84,0.84,0.84,"0.0%",745,711,1,290,"39%",229,"32%",311,"42%",308,"43%",0,"0.0%",6,"0.9%",144,"19%",168,"24%"
"Guadalajara","Mexico","Latin America and the Caribbean",20.66,-103.357,"3/1/90","11/1/99","4/1/14",2802064,3360859,4375721,"1.8%",26758,35080,51625,"2.7%",22900,31367,44886,"2.5%",3620,3453,6279,"4.1%",238,259,460,"4.0%",11157,11564,17191,"2.8%",37915,46644,68816,"2.7%",105,96,85,"-0.8%",74,72,64,"-0.9%",0.71,0.75,0.75,"0.0%",0.22,0.18,0.2,"0.5%",0.95,0.94,0.88,"-0.4%",0.94,0.93,0.87,"-0.4%",8345,16544,2,4522,"54%",5236,"32%",2708,"32%",7906,"48%",24,"0.3%",381,"2.3%",1091,"13%",3022,"18%"
"Guangzhou, Guangdong","China","East Asia and the Pacific",22.936,113.608,"2/1/91","9/1/00","10/1/14",2405072,12039122,24657221,"5.1%",8183,120182,323148,"7.0%",4881,77412,237094,"7.9%",3038,39584,80406,"5.0%",264,3186,5647,"4.1%",6837,75290,185112,"6.4%",15020,195472,508259,"6.8%",294,100,76,"-1.9%",160,62,49,"-1.7%",0.54,0.61,0.64,"0.2%",0.45,0.39,0.34,"-0.9%",0.82,0.71,0.79,"0.8%",0.8,0.69,0.77,"0.7%",112029,202961,1.8,11302,"10%",36502,"18%",70580,"63%",106604,"53%",296,"0.3%",3602,"1.8%",29851,"27%",56252,"28%"
"Guatemala City","Guatemala","Latin America and the Caribbean",14.605,-90.542,"1/1/90","1/1/01","11/1/13",1128878,1946428,2654085,"2.4%",13307,19229,26506,"2.5%",9831,15213,22402,"3.0%",3252,3750,3808,"0.1%",224,267,297,"0.8%",8281,10243,11059,"0.6%",21588,29472,37566,"1.9%",85,101,100,"-0.1%",52,66,71,"0.5%",0.62,0.65,0.71,"0.6%",0.33,0.29,0.23,"-1.8%",0.84,0.83,0.87,"0.3%",0.83,0.81,0.85,"0.5%",5922,7277,1.2,2051,"35%",3811,"52%",2038,"34%",2479,"34%",230,"3.9%",25,"0.3%",1603,"27%",963,"13%"
"Guixi, Chongqing","China","East Asia and the Pacific",30.332,107.348,"6/1/88","7/1/01","6/1/16",17185,104711,198120,"4.3%",140,381,1862,"10.6%",56,219,1374,"12.3%",76,149,449,"7.4%",8,13,39,"7.5%",146,296,1070,"8.6%",285,677,2931,"9.8%",123,275,106,"-6.4%",60,155,68,"-5.5%",0.49,0.56,0.64,"0.8%",0.53,0.44,0.32,"-2.0%",0.93,0.87,0.79,"-0.6%",0.92,0.86,0.78,"-0.6%",240,1481,6.2,54,"22%",122,"8%",146,"61%",1095,"74%",0,"0.0%",0,"0.0%",41,"17%",263,"18%"
"Gwangju","Korea Rep.","East Asia and the Pacific",35.146,126.919,"10/1/89","3/1/00","5/1/15",723576,1054149,1368716,"1.7%",3639,8151,16033,"4.5%",2989,5960,13831,"5.6%",598,2014,2057,"0.1%",52,177,144,"-1.4%",1637,4343,5632,"1.7%",5277,12494,21664,"3.6%",199,129,85,"-2.7%",137,84,63,"-1.9%",0.69,0.65,0.74,"0.8%",0.27,0.3,0.23,"-2.0%",0.93,0.75,0.89,"1.1%",0.91,0.75,0.88,"1.0%",4511,7881,1.7,1058,"23%",2380,"30%",1858,"41%",3596,"46%",0,"0.0%",27,"0.3%",1595,"35%",1877,"24%"
"Haikou, Hainan","China","East Asia and the Pacific",20.028,110.329,"10/1/91","7/1/01","12/1/13",501814,756043,1247662,"4.0%",2379,3868,8867,"6.7%",1628,2774,6817,"7.2%",691,1019,1943,"5.2%",60,75,108,"3.0%",1293,2614,5129,"5.4%",3672,6482,13996,"6.2%",211,195,141,"-2.6%",137,117,89,"-2.2%",0.65,0.6,0.63,"0.5%",0.38,0.36,0.35,"-0.2%",0.78,0.93,0.85,"-0.7%",0.76,0.91,0.83,"-0.7%",1488,4999,3.4,331,"22%",1093,"22%",942,"63%",3149,"63%",0,"0.0%",0,"0.0%",215,"14%",756,"15%"
"Halle","Germany","Europe and Japan",51.487,11.97,"8/1/90","9/1/99","7/1/10",283271,258612,235706,"-0.9%",3587,5894,6721,"1.2%",2505,4409,5131,"1.4%",999,1357,1484,"0.8%",83,127,106,"-1.6%",2497,3047,3073,"0.1%",6084,8941,9793,"0.8%",79,44,35,"-2.1%",47,29,24,"-1.7%",0.59,0.66,0.69,"0.4%",0.38,0.31,0.29,"-0.6%",0.88,0.88,0.88,"0.0%",0.87,0.87,0.86,"-0.1%",2306,827,0.4,1055,"46%",442,"53%",693,"30%",201,"24%",15,"0.6%",24,"2.9%",543,"24%",160,"19%"
"Hangzhou, Zhejiang","China","East Asia and the Pacific",30.305,120.168,"10/1/90","5/1/00","4/1/13",68585,3603845,10446329,"8.2%",4627,43702,196261,"11.6%",1904,21314,108115,"12.6%",2559,20611,82497,"10.7%",164,1776,5649,"9.0%",5298,41851,175928,"11.1%",9925,85552,372189,"11.4%",15,82,53,"-3.4%",7,42,28,"-3.1%",0.47,0.51,0.53,"0.2%",0.54,0.44,0.44,"0.0%",0.86,0.67,0.84,"1.8%",0.85,0.66,0.83,"1.8%",39068,145330,3.7,4899,"13%",23912,"16%",21667,"55%",73968,"51%",256,"0.7%",32,"0.0%",12245,"31%",47418,"33%"
"Hindupur","India","South and Central Asia",13.838,77.488,"2/1/89","3/1/00","3/1/14",56003,70224,106830,"3.0%",57,125,445,"9.1%",0,35,190,"12.0%",50,79,236,"7.8%",6,10,19,"4.3%",79,153,404,"7.0%",136,277,849,"8.0%",986,563,240,"-6.1%",413,253,126,"-5.0%",0.42,0.45,0.52,"1.1%",0.66,0.58,0.51,"-0.9%",0.96,0.9,0.85,"-0.4%",0.95,0.89,0.84,"-0.4%",67,320,4.8,18,"27%",41,"13%",25,"37%",206,"64%",0,"0.0%",0,"0.0%",24,"36%",73,"23%"
"Ho Chi Minh City","Vietnam","Southeast Asia",10.83,106.713,"1/1/89","12/1/99","1/1/15",2563621,3950264,10187671,"6.3%",5453,15057,63478,"9.5%",4285,11717,47604,"9.3%",1093,3097,14964,"10.4%",75,243,910,"8.7%",2978,6958,35913,"10.9%",8430,22015,99391,"10.0%",470,262,160,"-3.3%",304,179,103,"-3.7%",0.65,0.68,0.64,"-0.5%",0.3,0.26,0.32,"1.5%",0.94,0.88,0.74,"-1.2%",0.92,0.87,0.73,"-1.1%",9604,48418,5,1918,"20%",8757,"18%",6713,"70%",19751,"41%",0,"0.0%",2,"0.0%",973,"10%",19909,"41%"
"Holguin","Cuba","Latin America and the Caribbean",20.883,-76.263,"7/1/87","5/1/01","1/1/14",200231,238531,263345,"0.8%",1652,2070,2157,"0.3%",1107,1427,1523,"0.5%",509,600,589,"-0.1%",36,43,45,"0.3%",899,1192,1219,"0.2%",2551,3262,3376,"0.3%",121,115,122,"0.5%",78,73,78,"0.5%",0.65,0.63,0.64,"0.1%",0.36,0.35,0.34,"-0.2%",0.81,0.87,0.88,"0.0%",0.8,0.85,0.86,"0.0%",418,86,0.2,109,"26%",45,"52%",169,"40%",22,"26%",0,"0.0%",2,"2.4%",140,"34%",17,"20%"
"Hong Kong, Hong Kong","China","East Asia and the Pacific",22.346,114.183,"11/1/89","1/1/00","10/1/13",3661992,4017763,4322119,"0.5%",5934,8037,9254,"1.0%",4643,6330,7487,"1.2%",1231,1646,1669,"0.1%",60,61,98,"3.5%",2316,2985,3024,"0.1%",8250,11022,12278,"0.8%",617,500,467,"-0.5%",444,365,352,"-0.3%",0.72,0.73,0.75,"0.2%",0.32,0.3,0.27,"-0.6%",0.66,0.69,0.69,"0.0%",0.65,0.68,0.68,"-0.1%",2110,1222,0.6,500,"24%",619,"51%",1101,"52%",197,"16%",113,"5.3%",87,"7.1%",395,"19%",318,"26%"
"Houston","United States","Land-Rich Developed Countries",29.78,-95.386,"11/1/90","9/1/00","5/1/14",2739736,3758618,5399338,"2.7%",116357,182480,272394,"2.9%",77754,142751,217995,"3.1%",36472,37334,51264,"2.3%",2131,2396,3135,"2.0%",91608,107148,150754,"2.5%",207965,289629,423148,"2.8%",24,21,20,"-0.3%",13,13,13,"-0.1%",0.56,0.63,0.64,"0.2%",0.4,0.32,0.3,"-0.3%",0.84,0.86,0.87,"0.1%",0.82,0.84,0.85,"0.1%",66340,90138,1.4,30461,"46%",25543,"28%",19525,"29%",40799,"45%",351,"0.5%",2178,"2.4%",16003,"24%",21618,"24%"
"Hyderabad","India","South and Central Asia",17.422,78.484,"3/1/90","7/1/99","5/1/14",3906590,5067000,7609285,"2.7%",12669,26666,46168,"3.7%",8918,20683,36294,"3.8%",3487,5595,9099,"3.3%",265,388,776,"4.7%",8999,15292,26829,"3.8%",21668,41958,72998,"3.7%",308,190,165,"-1.0%",180,121,104,"-1.0%",0.58,0.64,0.63,"0.0%",0.37,0.3,0.29,"-0.2%",0.88,0.87,0.91,"0.3%",0.88,0.84,0.89,"0.4%",13996,19501,1.4,4545,"32%",5591,"29%",6346,"45%",10332,"53%",0,"0.0%",13,"0.1%",3106,"22%",3566,"18%"
"Ibadan","Nigeria","Sub-Saharan Africa",7.388,3.896,"12/1/84","2/1/00","12/1/13",1397391,2041756,2954967,"2.7%",17966,26274,36811,"2.4%",15774,23972,32352,"2.2%",2034,2129,4170,"4.9%",158,173,289,"3.7%",6297,7155,12310,"3.9%",24264,33429,49121,"2.8%",78,78,80,"0.2%",58,61,60,"-0.1%",0.74,0.79,0.75,"-0.3%",0.19,0.15,0.17,"1.0%",0.92,0.94,0.94,"0.0%",0.91,0.93,0.93,"0.0%",8307,10537,1.3,3186,"38%",3156,"30%",4667,"56%",5961,"57%",0,"0.0%",0,"0.0%",454,"5%",1420,"13%"
"Ilheus","Brazil","Latin America and the Caribbean",-14.803,-39.045,"7/1/93","5/1/01","12/1/13",88775,121000,97888,"-1.7%",532,1250,1513,"1.5%",233,746,1023,"2.5%",256,461,468,"0.1%",43,42,22,"-5.2%",340,595,570,"-0.3%",872,1845,2083,"1.0%",167,97,65,"-3.2%",102,66,47,"-2.7%",0.61,0.68,0.73,"0.6%",0.51,0.43,0.38,"-1.0%",0.57,0.55,0.56,"0.1%",0.58,0.53,0.54,"0.1%",730,263,0.4,156,"21%",144,"55%",91,"12%",48,"18%",115,"15.8%",34,"12.8%",367,"50%",37,"14%"
"Ipoh","Malaysia","Southeast Asia",4.59,101.077,"12/1/90","3/1/03","2/1/15",409006,605174,793675,"2.3%",10153,18566,25310,"2.6%",5605,13074,20444,"3.7%",4218,5189,4534,"-1.1%",330,303,332,"0.8%",9373,12451,13065,"0.4%",19526,31017,38374,"1.8%",40,33,31,"-0.3%",21,20,21,"0.5%",0.52,0.6,0.66,"0.8%",0.47,0.38,0.31,"-1.7%",0.74,0.72,0.76,"0.4%",0.73,0.71,0.74,"0.4%",8442,6743,0.8,2920,"35%",3470,"51%",2841,"34%",1471,"22%",50,"0.6%",7,"0.1%",2632,"31%",1795,"27%"
"Istanbul","Turkey","Western Asia and North Africa",40.981,29.065,"11/1/90","6/1/02","7/1/13",8662185,12202504,13974428,"1.2%",28372,57759,102589,"5.2%",20855,47000,92509,"6.1%",7105,10172,9396,"-0.7%",411,588,684,"1.4%",18556,29367,29017,"-0.1%",46928,87126,131606,"3.7%",305,211,136,"-4.0%",185,140,106,"-2.5%",0.6,0.66,0.78,"1.5%",0.37,0.3,0.17,"-5.2%",0.5,0.54,0.58,"0.6%",0.5,0.54,0.58,"0.6%",29409,44855,1.5,7727,"26%",20577,"46%",17913,"61%",7441,"17%",0,"0.0%",12719,"28.4%",3768,"13%",4119,"9%"
"Jaipur","India","South and Central Asia",26.911,75.787,"10/1/89","10/1/00","9/1/14",1555856,2508689,2938602,"1.1%",4023,12788,19218,"2.9%",3134,11309,14570,"1.8%",809,1395,4245,"8.0%",80,83,403,"11.3%",2604,5782,11172,"4.7%",6628,18570,30390,"3.5%",387,196,153,"-1.8%",235,135,97,"-2.4%",0.61,0.69,0.63,"-0.6%",0.33,0.26,0.29,"0.9%",0.92,0.91,0.87,"-0.3%",0.91,0.91,0.86,"-0.4%",8764,6471,0.7,1247,"14%",1588,"25%",6517,"74%",4446,"69%",40,"0.5%",0,"0.0%",960,"11%",436,"7%"
"Jalna","India","South and Central Asia",19.851,75.878,"10/1/89","10/1/00","10/1/14",186307,244109,278314,"0.9%",519,1153,1509,"1.9%",245,761,1144,"2.9%",248,369,341,"-0.6%",26,23,24,"0.2%",487,740,869,"1.1%",1007,1893,2377,"1.6%",359,212,184,"-1.0%",185,129,117,"-0.7%",0.52,0.61,0.63,"0.3%",0.5,0.4,0.35,"-1.0%",0.88,0.82,0.82,"0.0%",0.88,0.81,0.81,"0.0%",632,355,0.6,204,"32%",156,"44%",291,"46%",182,"51%",0,"0.0%",0,"0.0%",137,"22%",17,"5%"
"Jequie","Brazil","Latin America and the Caribbean",-13.862,-40.085,"8/1/92","4/1/01","4/1/14",123038,131027,128045,"-0.2%",1271,2249,2511,"0.8%",975,1890,2075,"0.7%",281,331,402,"1.5%",15,29,35,"1.6%",657,680,959,"2.6%",1928,2930,3470,"1.3%",97,58,51,"-1.0%",64,45,37,"-1.5%",0.66,0.77,0.72,"-0.5%",0.37,0.26,0.26,"-0.1%",0.82,0.8,0.82,"0.2%",0.82,0.79,0.81,"0.2%",978,262,0.3,310,"32%",75,"29%",652,"67%",142,"54%",0,"0.0%",0,"0.0%",17,"2%",45,"17%"
"Jinan, Shandong","China","East Asia and the Pacific",36.682,117.02,"9/1/91","9/1/00","7/1/13",1716692,2239910,3316828,"3.1%",19266,26315,45089,"4.2%",15810,20150,34839,"4.3%",3224,5683,9455,"4.0%",232,482,794,"3.9%",7238,11943,20999,"4.4%",26504,38258,66087,"4.3%",89,85,74,"-1.1%",65,59,50,"-1.2%",0.73,0.69,0.68,"-0.1%",0.25,0.27,0.27,"0.0%",0.81,0.81,0.79,"-0.1%",0.8,0.8,0.79,"-0.1%",7048,18774,2.7,1048,"15%",4305,"23%",3770,"53%",9267,"49%",174,"2.5%",191,"1.0%",2056,"29%",5012,"27%"
"Jinju","Korea Rep.","East Asia and the Pacific",35.187,128.107,"4/1/88","4/1/00","5/1/14",200588,154175,317194,"5.1%",1860,2158,13432,"13.0%",1366,1705,7806,"10.8%",454,419,5218,"17.9%",40,34,408,"17.6%",887,957,9958,"16.6%",2746,3115,23390,"14.3%",108,71,24,"-7.9%",73,49,14,"-9.2%",0.68,0.69,0.57,"-1.3%",0.33,0.31,0.43,"2.4%",0.75,0.77,0.6,"-1.8%",0.75,0.77,0.59,"-1.8%",302,11274,37.3,165,"55%",1397,"12%",86,"28%",5132,"46%",0,"0.0%",0,"0.0%",51,"17%",4744,"42%"
"Johannesburg","South Africa","Sub-Saharan Africa",6.842,3.634,"3/1/90","7/1/98","6/1/13",3148133,4726764,8000159,"3.5%",76333,92826,181191,"4.5%",52246,66200,157588,"5.8%",22565,24950,22225,"-0.8%",1522,1676,1378,"-1.3%",64462,71273,81377,"0.9%",140795,164099,262568,"3.2%",41,51,44,"-1.0%",22,29,30,"0.4%",0.54,0.57,0.69,"1.3%",0.41,0.39,0.25,"-3.0%",0.79,0.8,0.89,"0.7%",0.77,0.79,0.87,"0.6%",16694,88587,5.3,6041,"36%",38191,"43%",5679,"34%",37553,"42%",1013,"6.1%",121,"0.1%",3961,"24%",12723,"14%"
"Kabul","Afghanistan","South and Central Asia",34.529,69.172,"11/1/87","8/1/00","9/1/14",1176972,2347810,3536646,"2.9%",10712,13559,22872,"3.7%",8141,10912,18514,"3.8%",2389,2501,4071,"3.5%",183,146,287,"4.8%",6499,6909,11537,"3.6%",17212,20468,34409,"3.7%",110,173,155,"-0.8%",68,115,103,"-0.8%",0.62,0.66,0.66,"0.0%",0.34,0.3,0.28,"-0.5%",0.81,0.83,0.8,"-0.2%",0.8,0.82,0.79,"-0.3%",2846,9313,3.3,1514,"53%",2148,"23%",863,"30%",5747,"62%",0,"0.0%",53,"0.6%",468,"16%",1365,"15%"
"Kaiping, Guangdong","China","East Asia and the Pacific",22.38,112.688,"4/1/90","9/1/00","11/1/14",35194,188290,191749,"0.1%",137,1537,2045,"2.0%",4,803,1196,"2.8%",126,682,797,"1.1%",7,52,51,"-0.2%",117,1090,1183,"0.6%",254,2627,3227,"1.5%",257,122,94,"-1.9%",139,72,59,"-1.3%",0.54,0.59,0.63,"0.6%",0.62,0.47,0.43,"-0.6%",0.72,0.87,0.86,"-0.1%",0.71,0.86,0.84,"-0.1%",1400,507,0.4,88,"6%",210,"41%",942,"67%",0,"0%",0,"0.0%",144,"28.3%",370,"26%",153,"30%"
"Kairouan","Tunisia","Western Asia and North Africa",35.673,10.096,"5/1/92","5/1/00","6/1/10",85809,105892,127570,"1.8%",905,1367,1661,"1.9%",703,1137,1555,"3.1%",188,218,102,"-7.6%",14,12,5,"-9.9%",460,569,384,"-3.9%",1365,1936,2044,"0.5%",95,77,77,"-0.1%",63,55,62,"1.3%",0.66,0.71,0.81,"1.4%",0.32,0.27,0.18,"-3.8%",0.95,0.93,0.93,"0.0%",0.94,0.92,0.92,"0.0%",461,293,0.6,143,"31%",246,"84%",275,"60%",38,"13%",0,"0.0%",0,"0.0%",43,"9%",9,"3%"
"Kampala","Uganda","Sub-Saharan Africa",0.315,32.585,"3/1/88","2/1/03","2/1/15",723017,1646980,3017000,"5.0%",8804,17954,30040,"4.3%",5668,12541,21223,"4.4%",2925,5071,8208,"4.0%",211,342,610,"4.8%",7688,12744,21280,"4.3%",16492,30698,51321,"4.3%",82,92,100,"0.8%",44,54,59,"0.8%",0.53,0.58,0.59,"0.0%",0.42,0.37,0.35,"-0.3%",0.89,0.66,0.75,"1.1%",0.87,0.63,0.72,"1.1%",9150,12090,1.3,3329,"36%",3641,"30%",2584,"28%",4999,"41%",14,"0.1%",38,"0.3%",3223,"35%",3413,"28%"
"Kanpur","India","South and Central Asia",26.457,80.31,"12/1/91","2/1/99","9/1/14",2101131,2521488,2795714,"0.7%",7970,11071,14405,"1.7%",6294,9265,11826,"1.6%",1553,1660,2374,"2.3%",123,145,205,"2.2%",4515,4901,6263,"1.6%",12485,15971,20667,"1.7%",264,228,194,"-1.0%",168,158,135,"-1.0%",0.64,0.69,0.7,"0.0%",0.31,0.25,0.25,"0.0%",0.86,0.84,0.82,"-0.2%",0.85,0.82,0.8,"-0.2%",3101,3333,1.1,1443,"47%",1026,"31%",1085,"35%",1328,"40%",23,"0.8%",122,"3.7%",549,"18%",857,"26%"
"Karachi","Pakistan","South and Central Asia",24.9,67.075,"2/1/91","10/1/00","10/1/13",5736359,9973619,12787536,"1.9%",18058,27536,35018,"1.8%",16675,25475,31400,"1.6%",1295,1940,3360,"4.2%",88,120,257,"5.9%",4277,6591,10309,"3.4%",22335,34127,45327,"2.2%",318,362,365,"0.1%",257,292,282,"-0.3%",0.81,0.81,0.77,"-0.3%",0.17,0.16,0.18,"0.7%",0.93,0.83,0.87,"0.3%",0.91,0.83,0.86,"0.2%",9478,7482,0.8,1400,"15%",1992,"27%",1216,"13%",5030,"67%",503,"5.3%",0,"0.0%",6359,"67%",459,"6%"
"Kaunas","Lithuania","Europe and Japan",54.903,23.925,"8/1/90","9/1/00","3/1/14",402490,369085,298743,"-1.6%",6126,6908,8090,"1.2%",4630,5693,6479,"1.0%",1421,1124,1479,"2.0%",76,92,132,"2.7%",3398,3148,4064,"1.9%",9524,10056,12154,"1.4%",66,53,37,"-2.7%",42,37,25,"-3.0%",0.64,0.69,0.67,"-0.2%",0.35,0.3,0.31,"0.2%",0.84,0.83,0.81,"-0.2%",0.81,0.82,0.79,"-0.2%",828,1181,1.4,609,"74%",227,"19%",107,"13%",201,"17%",10,"1.2%",0,"0.0%",101,"12%",753,"64%"
"Kayseri","Turkey","Western Asia and North Africa",38.724,35.48,"10/1/87","6/1/00","8/1/13",131605,444740,673805,"3.2%",608,5155,10054,"5.1%",206,3220,6611,"5.5%",371,1818,3185,"4.3%",32,118,257,"5.9%",849,3941,7774,"5.2%",1458,9097,17828,"5.1%",216,86,67,"-1.9%",90,49,38,"-2.0%",0.42,0.57,0.56,"0.0%",0.57,0.43,0.39,"-0.8%",0.76,0.69,0.73,"0.5%",0.75,0.67,0.72,"0.6%",4546,4898,1.1,570,"13%",1012,"21%",2967,"65%",3012,"62%",0,"0.0%",4,"0.1%",1009,"22%",870,"18%"
"Khartoum","Sudan","Western Asia and North Africa",15.552,32.532,"12/1/88","4/1/00","3/1/14",1253183,1844695,5061792,"7.3%",12889,16955,58271,"8.9%",7992,12290,52682,"10.5%",4712,4493,5283,"1.2%",185,172,307,"4.2%",10141,10254,16026,"3.2%",23031,27208,74297,"7.2%",97,109,87,"-1.6%",54,68,68,"0.0%",0.56,0.62,0.78,"1.7%",0.39,0.26,0.18,"-2.6%",0.75,0.78,0.76,"-0.2%",0.75,0.78,0.74,"-0.4%",9458,27459,2.9,4149,"44%",5995,"22%",4692,"50%",16251,"59%",260,"2.8%",2398,"8.7%",357,"4%",2814,"10%"
"Kigali","Rwanda","Sub-Saharan Africa",9.927,8.88,"2/1/87","7/1/99","10/1/14",211150,422776,821881,"4.4%",960,3937,8272,"4.9%",256,3105,5987,"4.3%",644,768,2092,"6.6%",60,64,193,"7.2%",1243,2625,5607,"5.0%",2203,6562,13880,"4.9%",220,107,99,"-0.5%",96,64,59,"-0.6%",0.44,0.6,0.6,"0.0%",0.57,0.34,0.33,"-0.2%",0.82,0.82,0.87,"0.4%",0.81,0.81,0.86,"0.3%",2976,4335,1.5,685,"23%",1024,"24%",1881,"63%",2848,"66%",0,"0.0%",0,"0.0%",410,"14%",464,"11%"
"Killeen","United States","Land-Rich Developed Countries",31.112,-97.732,"8/1/90","5/1/00","8/1/13",93137,119748,225248,"4.8%",8141,10038,17686,"4.3%",5187,6767,12421,"4.6%",2715,3018,4865,"3.6%",239,252,400,"3.5%",6574,7523,12880,"4.1%",14716,17561,30566,"4.2%",11,12,13,"0.5%",6,7,7,"0.6%",0.55,0.57,0.58,"0.1%",0.4,0.39,0.38,"-0.2%",0.81,0.86,0.82,"-0.4%",0.79,0.84,0.8,"-0.4%",1896,7648,4,698,"37%",1351,"18%",684,"36%",3610,"47%",27,"1.4%",19,"0.2%",487,"26%",2668,"35%"
"Kinshasa","Congo Dem. Rep.","Sub-Saharan Africa",-4.374,15.32,"8/1/94","9/1/00","7/1/13",4226053,6379816,10226183,"3.7%",7878,20142,33763,"4.0%",4550,17041,30057,"4.4%",3168,2935,3526,"1.4%",160,166,180,"0.6%",6764,9064,11918,"2.1%",14642,29206,45681,"3.5%",536,317,303,"-0.3%",289,218,224,"0.2%",0.54,0.69,0.74,"0.5%",0.42,0.25,0.22,"-0.9%",0.83,0.85,0.79,"-0.6%",0.83,0.84,0.78,"-0.6%",12263,13621,1.1,4208,"34%",3648,"27%",7363,"60%",8618,"63%",0,"0.0%",97,"0.7%",692,"6%",1258,"9%"
"Kolkata","India","South and Central Asia",22.533,88.356,"11/1/90","11/1/03","4/1/14",9934562,13706424,15123555,"0.9%",18048,33576,60278,"5.6%",11795,21902,44343,"6.8%",5885,10997,14788,"2.8%",368,677,1147,"5.1%",13271,26024,36590,"3.3%",31319,59600,96868,"4.7%",550,408,251,"-4.7%",317,230,156,"-3.7%",0.58,0.56,0.62,"1.0%",0.4,0.39,0.32,"-1.9%",0.62,0.64,0.7,"0.9%",0.61,0.63,0.7,"0.9%",14809,24179,1.6,4315,"29%",11220,"46%",6491,"44%",6658,"28%",0,"0.0%",43,"0.2%",4003,"27%",6258,"26%"
"Kozhikode","India","South and Central Asia",11.254,75.803,"2/1/91","3/1/01","2/1/14",202612,440244,1171852,"7.6%",217,1663,11232,"14.8%",31,769,5078,"14.6%",166,825,5710,"15.0%",19,69,445,"14.4%",318,1653,12409,"15.6%",535,3316,23642,"15.2%",936,265,104,"-7.2%",379,133,50,"-7.6%",0.4,0.5,0.48,"-0.4%",0.62,0.48,0.49,"0.2%",0.92,0.68,0.64,"-0.4%",0.91,0.66,0.64,"-0.3%",1446,9569,6.6,211,"15%",1174,"12%",950,"66%",5177,"54%",0,"0.0%",0,"0.0%",285,"20%",3218,"34%"
"Lagos","Nigeria","Sub-Saharan Africa",6.21,7.063,"12/1/84","2/1/00","12/1/13",3860488,7254827,11008357,"3.0%",19403,38082,52788,"2.4%",15209,31291,42213,"2.2%",3924,6358,9972,"3.3%",270,432,603,"2.4%",10335,19978,29896,"2.9%",29738,58060,82684,"2.6%",199,191,209,"0.7%",130,125,133,"0.5%",0.65,0.66,0.64,"-0.2%",0.3,0.3,0.3,"0.2%",0.76,0.8,0.79,"-0.2%",0.75,0.79,0.76,"-0.3%",18679,14706,0.8,3985,"21%",4379,"30%",10363,"55%",5898,"40%",1298,"7.0%",2095,"14.2%",3033,"16%",2333,"16%"
"Lahore","Pakistan","South and Central Asia",31.514,74.314,"11/1/91","10/1/00","10/1/13",3474381,5716948,9682207,"4.1%",11518,14955,24775,"3.9%",9136,11998,20240,"4.0%",2225,2721,4159,"3.3%",158,236,376,"3.6%",6233,8201,12367,"3.2%",17751,23156,37142,"3.6%",302,382,391,"0.2%",196,247,261,"0.4%",0.65,0.65,0.67,"0.2%",0.31,0.3,0.28,"-0.6%",0.87,0.87,0.86,"-0.1%",0.85,0.86,0.84,"-0.1%",3436,9820,2.9,919,"27%",2756,"28%",2027,"59%",5779,"59%",130,"3.8%",0,"0.0%",360,"10%",1285,"13%"
"Lausanne","Switzerland","Europe and Japan",46.516,6.633,"4/1/87","3/1/01","8/1/15",193460,260181,306229,"1.1%",2501,5289,6495,"1.4%",1222,4017,5302,"1.9%",1204,1191,1107,"-0.5%",75,81,86,"0.4%",2418,2719,2701,"0.0%",4919,8008,9196,"1.0%",77,49,47,"-0.3%",39,32,33,"0.2%",0.51,0.66,0.71,"0.5%",0.47,0.33,0.29,"-0.9%",0.68,0.74,0.73,"-0.1%",0.66,0.72,0.72,"0.0%",2787,1206,0.4,1217,"44%",719,"60%",1003,"36%",159,"13%",0,"0.0%",7,"0.6%",567,"20%",321,"27%"
"Le Mans","France","Europe and Japan",47.989,0.199,"5/1/92","8/1/99","7/1/13",173669,175640,179135,"0.1%",4954,5353,5974,"0.8%",4046,4393,4788,"0.6%",855,889,1098,"1.5%",53,71,88,"1.5%",2000,1988,2571,"1.8%",6954,7341,8545,"1.1%",35,33,30,"-0.6%",25,24,21,"-0.9%",0.71,0.73,0.7,"-0.3%",0.24,0.24,0.25,"0.5%",0.83,0.83,0.83,"0.0%",0.82,0.81,0.82,"0.0%",399,621,1.6,165,"41%",144,"23%",155,"39%",140,"23%",4,"1.0%",15,"2.5%",75,"19%",321,"52%"
"Leon","Nicaragua","Latin America and the Caribbean",12.438,-86.878,"7/1/93","4/1/00","1/1/10",135097,141815,160355,"1.3%",680,1199,1544,"2.6%",438,955,1220,"2.5%",221,225,290,"2.6%",21,19,33,"5.7%",556,598,711,"1.8%",1236,1797,2255,"2.3%",199,118,104,"-1.3%",109,79,71,"-1.1%",0.55,0.67,0.68,"0.3%",0.44,0.29,0.29,"-0.2%",0.94,0.93,0.89,"-0.4%",0.93,0.92,0.88,"-0.5%",519,344,0.7,258,"50%",124,"36%",211,"41%",150,"44%",0,"0.0%",0,"0.0%",50,"10%",69,"20%"
"Leshan, Sichuan","China","East Asia and the Pacific",29.591,103.754,"7/1/90","7/1/01","8/1/14",158519,278811,524838,"4.8%",1061,2963,8391,"8.0%",646,1732,4909,"8.0%",380,1160,3285,"8.0%",35,71,196,"7.8%",577,1872,5680,"8.5%",1638,4836,14070,"8.2%",149,94,63,"-3.1%",97,58,37,"-3.3%",0.65,0.61,0.6,"-0.2%",0.4,0.42,0.41,"-0.1%",0.74,0.64,0.71,"0.7%",0.74,0.63,0.7,"0.8%",1902,5427,2.9,240,"13%",992,"18%",822,"43%",2504,"46%",0,"0.0%",0,"0.0%",840,"44%",1931,"36%"
"London","United Kingdom","Europe and Japan",51.506,-0.139,"5/1/89","6/1/00","7/1/13",8520935,9735667,11197941,"1.1%",131495,167368,177273,"0.4%",108695,141363,151304,"0.5%",21421,24311,24261,"0.0%",1379,1694,1708,"0.1%",65860,75586,73498,"-0.2%",197355,242954,250771,"0.2%",65,58,63,"0.6%",43,40,45,"0.8%",0.67,0.69,0.71,"0.2%",0.3,0.27,0.25,"-0.5%",0.83,0.82,0.82,"0.0%",0.8,0.79,0.79,"0.0%",35875,9911,0.3,14294,"40%",6537,"66%",5558,"15%",619,"6%",177,"0.5%",451,"4.6%",15846,"44%",2304,"23%"
"Los Angeles","United States","Land-Rich Developed Countries",33.971,-117.969,"5/1/90","5/1/00","10/1/14",12355295,14091412,15138973,"0.5%",353941,417726,459047,"0.7%",314393,378971,424453,"0.8%",37396,36573,32733,"-0.8%",2151,2182,1860,"-1.1%",134324,133976,126855,"-0.4%",488265,551702,585902,"0.4%",35,34,33,"-0.2%",25,26,26,"0.1%",0.72,0.76,0.78,"0.2%",0.22,0.19,0.17,"-0.9%",0.75,0.75,0.74,"0.0%",0.73,0.73,0.73,"0.0%",63789,41484,0.7,34870,"55%",25570,"62%",15842,"25%",10171,"25%",61,"0.1%",2094,"5.0%",13015,"20%",3650,"9%"
"Luanda","Angola","Sub-Saharan Africa",-8.825,13.26,"6/1/91","6/1/00","5/1/14",1572722,2690396,5555024,"5.2%",10411,17175,36891,"5.5%",8942,15187,31702,"5.3%",1346,1877,4826,"6.8%",123,111,363,"8.5%",3628,6006,14076,"6.1%",14038,23181,50967,"5.7%",151,157,151,"-0.3%",112,116,109,"-0.5%",0.74,0.74,0.72,"-0.2%",0.21,0.21,0.2,"-0.3%",0.77,0.82,0.87,"0.4%",0.75,0.8,0.86,"0.5%",6764,19715,2.9,1492,"22%",3739,"19%",4350,"64%",14717,"75%",0,"0.0%",0,"0.0%",921,"14%",1259,"6%"
"Lubumbashi","Congo Dem. Rep.","Sub-Saharan Africa",-11.677,27.48,"7/1/90","9/1/98","8/1/13",660736,942352,1746415,"4.1%",5509,8435,15865,"4.2%",4326,7426,14179,"4.3%",1121,955,1560,"3.3%",62,55,126,"5.6%",3137,3691,6234,"3.5%",8645,12126,22098,"4.0%",120,112,110,"-0.1%",76,78,79,"0.1%",0.64,0.7,0.72,"0.2%",0.31,0.25,0.22,"-0.9%",0.93,0.96,0.96,"0.0%",0.93,0.96,0.96,"0.0%",2926,7429,2.5,1061,"36%",1152,"16%",1634,"56%",5954,"80%",0,"0.0%",0,"0.0%",231,"8%",323,"4%"
"Madrid","Spain","Europe and Japan",40.413,-3.707,"5/1/91","6/1/02","5/1/10",3641938,4337697,5256249,"2.4%",20632,32971,56019,"6.7%",16073,24629,44305,"7.4%",4242,7849,10928,"4.2%",318,493,786,"5.9%",11244,19580,28387,"4.7%",31876,52551,84407,"6.0%",177,132,94,"-4.3%",114,83,62,"-3.6%",0.65,0.63,0.66,"0.7%",0.31,0.32,0.28,"-1.5%",0.72,0.72,0.75,"0.5%",0.69,0.69,0.73,"0.7%",12338,23048,1.9,2884,"23%",8283,"36%",4773,"39%",7934,"34%",113,"0.9%",18,"0.1%",4568,"37%",6812,"30%"
"Malatya","Turkey","Western Asia and North Africa",38.35,38.27,"8/1/90","7/1/00","3/1/14",184773,299754,394722,"2.0%",1922,3296,5147,"3.3%",1105,2386,3653,"3.1%",756,857,1394,"3.6%",61,54,100,"4.5%",1724,2232,3397,"3.1%",3647,5528,8544,"3.2%",96,91,77,"-1.2%",51,54,46,"-1.2%",0.53,0.6,0.6,"0.1%",0.45,0.38,0.37,"-0.2%",0.72,0.69,0.59,"-1.2%",0.71,0.68,0.58,"-1.2%",1374,1850,1.3,464,"34%",468,"25%",634,"46%",401,"22%",0,"0.0%",40,"2.2%",276,"20%",941,"51%"
"Malegaon","India","South and Central Asia",20.562,74.52,"2/1/91","3/1/00","10/1/14",253609,311046,461737,"2.7%",406,634,1432,"5.6%",98,240,995,"9.8%",281,369,412,"0.8%",27,26,25,"-0.2%",581,711,1094,"3.0%",987,1345,2526,"4.3%",625,491,322,"-2.9%",257,231,183,"-1.6%",0.41,0.47,0.57,"1.3%",0.59,0.53,0.41,"-1.8%",0.83,0.88,0.91,"0.2%",0.83,0.88,0.91,"0.2%",228,797,3.5,71,"31%",214,"27%",114,"50%",492,"62%",0,"0.0%",0,"0.0%",43,"19%",91,"11%"
"Manchester","United Kingdom","Europe and Japan",53.47,-2.474,"5/1/89","9/1/02","10/1/10",2452873,2448232,2585614,"0.7%",43129,49554,51040,"0.4%",32897,39970,41675,"0.5%",9667,9087,8841,"-0.3%",565,497,525,"0.7%",25656,27125,27656,"0.2%",68785,76679,78696,"0.3%",57,49,51,"0.3%",36,32,33,"0.4%",0.63,0.65,0.65,"0.0%",0.35,0.32,0.31,"-0.4%",0.82,0.84,0.84,"0.1%",0.81,0.83,0.83,"0.1%",6430,1485,0.2,3730,"58%",1025,"69%",1569,"24%",272,"18%",11,"0.2%",10,"0.7%",1120,"17%",178,"12%"
"Manila","Philippines","Southeast Asia",14.579,121.028,"12/1/90","4/1/00","2/1/14",9031508,13252150,19485398,"2.8%",35669,56296,70334,"1.6%",27210,45972,53883,"1.1%",7844,9615,15298,"3.4%",615,708,1154,"3.5%",22318,27125,40077,"2.8%",57987,83421,110411,"2.0%",253,235,277,"1.2%",156,159,176,"0.8%",0.62,0.67,0.64,"-0.4%",0.35,0.27,0.3,"0.6%",0.74,0.71,0.68,"-0.4%",0.72,0.7,0.68,"-0.2%",20807,14059,0.7,9309,"45%",3631,"26%",7427,"36%",5442,"39%",183,"0.9%",18,"0.1%",3888,"19%",4969,"35%"
"Marrakesh","Morocco","Western Asia and North Africa",31.636,-8.021,"3/1/88","6/1/02","8/1/14",371585,514030,770422,"3.3%",3824,5447,9999,"5.0%",3125,4735,8252,"4.6%",666,676,1622,"7.2%",33,37,125,"10.1%",1340,1813,4303,"7.1%",5164,7260,14302,"5.6%",97,94,77,"-1.7%",72,71,54,"-2.2%",0.74,0.75,0.7,"-0.6%",0.28,0.22,0.26,"1.3%",0.82,0.91,0.71,"-2.0%",0.81,0.9,0.7,"-2.1%",1622,4551,2.8,404,"25%",527,"12%",1051,"65%",3312,"73%",0,"0.0%",1,"0.0%",167,"10%",711,"16%"
"Medan","Indonesia","Southeast Asia",3.596,98.651,"6/1/89","6/1/01","6/1/13",1214040,2863706,3771804,"2.3%",8062,21439,39096,"5.0%",6012,12658,28464,"6.8%",1877,8132,9933,"1.7%",174,649,698,"0.6%",5122,17449,22461,"2.1%",13184,38888,61557,"3.8%",151,134,96,"-2.7%",92,74,61,"-1.5%",0.61,0.55,0.64,"1.2%",0.31,0.39,0.31,"-1.8%",0.88,0.66,0.75,"1.1%",0.86,0.64,0.73,"1.1%",13377,17657,1.3,2564,"19%",7256,"41%",6707,"50%",6363,"36%",15,"0.1%",18,"0.1%",4091,"31%",4019,"23%"
"Mexico City","Mexico","Latin America and the Caribbean",19.446,-99.123,"3/1/90","2/1/00","4/1/14",9781971,12514239,17765121,"2.5%",70948,99113,161821,"3.5%",60525,87726,144222,"3.5%",9765,10612,16363,"3.1%",658,775,1236,"3.3%",32514,37363,48198,"1.8%",103462,136477,210020,"3.0%",138,126,110,"-1.0%",95,92,85,"-0.6%",0.69,0.73,0.77,"0.4%",0.25,0.2,0.16,"-1.5%",0.87,0.87,0.84,"-0.3%",0.85,0.86,0.82,"-0.3%",28164,62707,2.2,12360,"44%",23298,"37%",11733,"42%",30938,"49%",217,"0.8%",502,"0.8%",3854,"14%",7969,"13%"
"Milan","Italy","Europe and Japan",45.608,9.222,"9/1/88","8/1/03","8/1/13",3506838,4971193,6402051,"2.5%",51115,102617,178364,"5.5%",34810,67959,136814,"7.0%",15125,32225,38761,"1.8%",1180,2434,2790,"1.4%",37302,76384,98813,"2.6%",88417,179001,277177,"4.4%",69,48,36,"-3.0%",40,28,23,"-1.8%",0.58,0.57,0.64,"1.2%",0.37,0.39,0.31,"-2.1%",0.81,0.69,0.77,"1.1%",0.8,0.67,0.76,"1.2%",51502,75751,1.5,11293,"22%",31516,"42%",11686,"23%",18091,"24%",542,"1.1%",516,"0.7%",27981,"54%",25628,"34%"
"Minneapolis","United States","Land-Rich Developed Countries",44.959,-93.256,"5/1/90","4/1/00","10/1/14",1899162,2281581,2626920,"1.0%",83673,117302,142874,"1.4%",52233,81360,98968,"1.4%",29610,33676,40846,"1.3%",1830,2265,3060,"2.1%",71915,89218,108383,"1.3%",155588,206520,251256,"1.4%",23,19,18,"-0.4%",12,11,10,"-0.4%",0.54,0.57,0.57,"0.0%",0.41,0.38,0.38,"0.0%",0.9,0.9,0.88,"-0.1%",0.89,0.88,0.87,"-0.1%",33629,25571,0.8,12915,"38%",9349,"37%",11571,"34%",3375,"13%",46,"0.1%",2200,"8.6%",9096,"27%",10646,"42%"
"Modesto","United States","Land-Rich Developed Countries",37.649,-120.993,"7/1/92","7/1/00","8/1/14",232879,334840,458146,"2.2%",8770,14853,22728,"3.0%",7053,12526,18630,"2.8%",1640,2118,3773,"4.1%",77,209,326,"3.2%",5167,6997,10247,"2.7%",13937,21850,32976,"2.9%",27,23,20,"-0.8%",17,15,14,"-0.7%",0.63,0.68,0.69,"0.1%",0.34,0.27,0.25,"-0.6%",0.87,0.63,0.67,"0.4%",0.86,0.61,0.64,"0.3%",6083,7881,1.3,2138,"35%",2481,"31%",1175,"19%",2141,"27%",0,"0.0%",0,"0.0%",2769,"46%",3259,"41%"
"Montreal","Canada","Land-Rich Developed Countries",45.534,-73.658,"8/1/90","9/1/00","8/1/13",2719909,2870230,3317850,"1.1%",68677,74831,89185,"1.4%",61308,67097,81093,"1.5%",6970,7257,7606,"0.4%",399,477,486,"0.2%",21908,22730,23814,"0.4%",90585,97561,113000,"1.1%",40,38,37,"-0.2%",30,29,29,"0.0%",0.76,0.77,0.79,"0.2%",0.22,0.21,0.19,"-0.7%",0.82,0.82,0.79,"-0.2%",0.8,0.8,0.77,"-0.4%",6153,14354,2.3,3006,"49%",5903,"41%",1529,"25%",3671,"26%",241,"3.9%",734,"5.1%",1377,"22%",4046,"28%"
"Moscow","Russia","Europe and Japan",55.743,37.645,"5/1/91","5/1/01","9/1/14",10377113,12726303,15220986,"1.3%",108909,160019,223436,"2.5%",79370,120685,160937,"2.2%",27560,36430,57829,"3.5%",1979,2904,4669,"3.6%",67361,87548,134160,"3.2%",176270,247567,357596,"2.8%",95,80,68,"-1.2%",59,51,43,"-1.4%",0.62,0.65,0.62,"-0.3%",0.36,0.33,0.34,"0.3%",0.74,0.72,0.73,"0.1%",0.72,0.69,0.71,"0.2%",51110,63416,1.2,18611,"36%",13724,"22%",10796,"21%",16964,"27%",1690,"3.3%",2940,"4.6%",20014,"39%",29788,"47%"
"Mumbai","India","South and Central Asia",19.115,72.913,"12/1/91","12/1/01","10/1/14",11786684,14344154,19601845,"2.4%",27806,33417,53135,"3.6%",24417,29883,45590,"3.3%",3193,3318,6957,"5.8%",196,216,588,"7.8%",8875,9583,17398,"4.6%",36681,43000,70533,"3.9%",424,429,369,"-1.2%",321,334,278,"-1.4%",0.76,0.78,0.75,"-0.2%",0.22,0.19,0.21,"0.7%",0.69,0.71,0.66,"-0.5%",0.68,0.7,0.66,"-0.4%",5612,19762,3.5,2723,"49%",3869,"20%",2183,"39%",3525,"18%",73,"1.3%",3073,"15.6%",634,"11%",9295,"47%"
"Myeik","Myanmar","Southeast Asia",12.448,98.618,"2/1/91","12/1/03","1/1/14",109650,116528,216734,"6.2%",321,430,1079,"9.1%",218,297,553,"6.2%",96,126,495,"13.6%",7,8,31,"13.1%",164,217,861,"13.7%",485,647,1940,"10.9%",342,271,201,"-3.0%",226,180,112,"-4.7%",0.66,0.67,0.56,"-1.8%",0.42,0.38,0.44,"1.6%",0.87,0.85,0.82,"-0.4%",0.86,0.85,0.81,"-0.5%",109,649,5.9,35,"32%",96,"15%",52,"48%",271,"42%",0,"0.0%",0,"0.0%",22,"20%",281,"43%"
"Nakuru","Kenya","Sub-Saharan Africa",-0.294,36.058,"3/1/89","2/1/00","2/1/14",122762,189557,326160,"3.9%",1031,1494,4729,"8.2%",703,1132,2762,"6.4%",296,329,1833,"12.3%",32,32,133,"10.1%",798,934,4395,"11.1%",1829,2427,9124,"9.5%",119,127,69,"-4.4%",67,78,36,"-5.6%",0.56,0.62,0.52,"-1.2%",0.42,0.34,0.43,"1.7%",0.95,0.94,0.67,"-2.4%",0.94,0.94,0.68,"-2.3%",463,3150,6.8,239,"52%",356,"11%",149,"32%",1850,"59%",0,"0.0%",0,"0.0%",75,"16%",945,"30%"
"Ndola","Zambia","Sub-Saharan Africa",-12.981,28.634,"6/1/89","5/1/02","6/1/14",275484,338145,443327,"2.2%",2355,3481,4738,"2.6%",1138,2175,3702,"4.4%",1148,1241,988,"-1.9%",68,65,48,"-2.5%",2283,3067,3048,"-0.1%",4638,6547,7786,"1.4%",117,97,94,"-0.3%",59,52,57,"0.8%",0.51,0.53,0.61,"1.1%",0.5,0.45,0.36,"-1.9%",0.71,0.79,0.81,"0.2%",0.71,0.8,0.8,"0.0%",1125,1257,1.1,317,"28%",824,"66%",555,"49%",253,"20%",49,"4.4%",2,"0.2%",204,"18%",177,"14%"
"New York","United States","Land-Rich Developed Countries",40.842,-73.798,"5/1/91","10/1/00","5/1/11",16235289,17955548,18412093,"0.2%",509235,720862,747852,"0.3%",445870,638565,666185,"0.4%",59541,76815,76475,"0.0%",3824,5483,5193,"-0.5%",179640,201855,203251,"0.1%",688875,922717,951103,"0.3%",32,25,25,"-0.1%",24,19,19,"0.0%",0.74,0.78,0.79,"0.1%",0.23,0.18,0.18,"-0.2%",0.69,0.7,0.7,"0.1%",0.67,0.69,0.69,"0.0%",211658,27020,0.1,90528,"43%",13799,"51%",82437,"39%",6195,"23%",152,"0.1%",2573,"9.5%",38540,"18%",4454,"16%"
"Nikolaev","Ukraine","Europe and Japan",46.974,32.029,"5/1/89","9/1/00","8/1/13",351234,347486,334691,"-0.3%",5166,6512,6566,"0.1%",4324,5319,5375,"0.1%",804,1117,1115,"0.0%",38,77,76,"-0.2%",2025,2564,2583,"0.1%",7191,9077,9149,"0.1%",68,53,51,"-0.4%",49,38,37,"-0.4%",0.72,0.72,0.72,"0.0%",0.29,0.28,0.28,"-0.1%",0.78,0.74,0.74,"0.0%",0.77,0.72,0.72,"0.0%",1371,55,0,504,"37%",38,"69%",292,"21%",8,"15%",9,"0.7%",1,"1.5%",566,"41%",8,"15%"
"Okayama","Japan","Europe and Japan",34.657,133.949,"5/1/90","5/1/00","5/1/14",1156304,1196567,1277186,"0.5%",36681,40169,45925,"1.0%",24940,28959,33465,"1.0%",11052,10550,11756,"0.8%",689,660,705,"0.5%",24311,24133,26516,"0.7%",60992,64302,72442,"0.9%",32,30,28,"-0.5%",19,19,18,"-0.4%",0.6,0.62,0.63,"0.1%",0.37,0.35,0.34,"-0.1%",0.77,0.77,0.77,"0.0%",0.76,0.75,0.75,"0.0%",3509,5755,1.6,2073,"59%",2703,"47%",488,"14%",775,"13%",31,"0.9%",30,"0.5%",917,"26%",2247,"39%"
"Oldenburg","Germany","Europe and Japan",53.148,8.207,"8/1/90","8/1/99","10/1/13",129512,145877,158329,"0.6%",2026,2732,3781,"2.3%",557,1201,2546,"5.3%",1383,1424,1167,"-1.4%",86,107,68,"-3.2%",2652,3064,3120,"0.1%",4678,5796,6900,"1.2%",64,53,42,"-1.7%",28,25,23,"-0.7%",0.43,0.47,0.55,"1.1%",0.57,0.52,0.43,"-1.3%",0.87,0.88,0.9,"0.2%",0.86,0.87,0.89,"0.1%",705,1049,1.5,339,"48%",677,"65%",0,"0%",204,"19%",155,"22.0%",0,"0.0%",211,"30%",168,"16%"
"Osaka","Japan","Europe and Japan",34.718,135.389,"5/1/89","10/1/01","3/1/14",8505622,8674622,8709527,"0.0%",72025,87895,95077,"0.6%",62911,81539,89230,"0.7%",8675,5978,5547,"-0.6%",439,378,300,"-1.9%",23403,19868,18681,"-0.5%",95428,107763,113758,"0.4%",118,99,92,"-0.6%",89,80,77,"-0.4%",0.75,0.82,0.84,"0.2%",0.2,0.16,0.14,"-1.1%",0.78,0.77,0.77,"0.0%",0.77,0.76,0.76,"0.1%",15869,7182,0.5,10047,"63%",4719,"66%",4006,"25%",1615,"22%",205,"1.3%",121,"1.7%",1611,"10%",728,"10%"
"Oyo","Nigeria","Sub-Saharan Africa",6.818,3.916,"12/1/90","2/1/00","2/1/14",145717,250282,452477,"4.2%",1231,2123,3704,"4.0%",835,1704,2776,"3.5%",368,402,865,"5.5%",27,18,62,"8.9%",755,966,2229,"6.0%",1986,3089,5933,"4.7%",118,118,122,"0.3%",73,81,76,"-0.4%",0.62,0.69,0.62,"-0.7%",0.38,0.27,0.31,"1.0%",0.66,0.79,0.87,"0.7%",0.66,0.79,0.87,"0.7%",892,1580,1.8,326,"37%",177,"11%",494,"55%",1362,"86%",0,"0.0%",0,"0.0%",71,"8%",41,"3%"
"Palembang","Indonesia","Southeast Asia",-2.958,104.736,"4/1/90","7/1/01","6/1/13",1195955,1454196,1721220,"1.4%",4735,15089,20960,"2.8%",2813,10980,16507,"3.4%",1815,3866,4168,"0.6%",106,243,284,"1.3%",3875,9581,10788,"1.0%",8609,24670,31748,"2.1%",253,96,82,"-1.3%",139,59,54,"-0.7%",0.55,0.61,0.66,"0.6%",0.43,0.35,0.29,"-1.4%",0.85,0.83,0.86,"0.3%",0.83,0.83,0.84,"0.2%",10354,5870,0.6,2189,"21%",3103,"53%",6595,"64%",1290,"22%",0,"0.0%",4,"0.1%",1570,"15%",1473,"25%"
"Palermo","Italy","Europe and Japan",38.135,13.33,"7/1/87","5/1/00","7/1/13",696750,702462,822940,"1.2%",5762,6918,13249,"4.9%",4217,5020,9888,"5.1%",1460,1785,3127,"4.3%",84,113,234,"5.5%",3499,4184,7639,"4.6%",9261,11102,20888,"4.8%",121,102,62,"-3.7%",75,63,39,"-3.6%",0.62,0.62,0.63,"0.1%",0.34,0.33,0.32,"-0.2%",0.75,0.7,0.58,"-1.4%",0.73,0.67,0.57,"-1.3%",1156,6318,5.5,489,"42%",1913,"30%",302,"26%",1242,"20%",0,"0.0%",25,"0.4%",366,"32%",3138,"50%"
"Palmas","Brazil","Latin America and the Caribbean",-10.189,-48.33,"4/1/90","6/1/00","8/1/13",6441,88195,154873,"4.3%",726,3215,4228,"2.1%",309,2553,3510,"2.4%",396,619,674,"0.6%",21,43,45,"0.3%",691,1595,1944,"1.5%",1417,4810,6172,"1.9%",9,27,37,"2.2%",5,18,25,"2.4%",0.51,0.67,0.69,"0.2%",0.52,0.3,0.27,"-0.7%",0.8,0.77,0.82,"0.5%",0.8,0.77,0.82,"0.5%",2489,1013,0.4,328,"13%",392,"39%",1873,"75%",520,"51%",0,"0.0%",0,"0.0%",288,"12%",101,"10%"
"Parbhani","India","South and Central Asia",19.28,76.765,"3/1/91","10/1/02","12/1/14",267978,324330,382635,"1.4%",1135,1694,1868,"0.8%",737,1370,1550,"1.0%",366,299,297,"0.0%",33,25,22,"-1.1%",832,742,785,"0.5%",1967,2436,2653,"0.7%",236,191,205,"0.6%",136,133,144,"0.7%",0.58,0.7,0.7,"0.1%",0.43,0.29,0.27,"-0.4%",0.84,0.87,0.88,"0.1%",0.83,0.87,0.88,"0.1%",558,174,0.3,312,"56%",75,"43%",205,"37%",82,"47%",0,"0.0%",0,"0.0%",42,"8%",17,"10%"
"Parepare","Indonesia","Southeast Asia",119.633,-4.023,"8/1/94","8/1/00","7/1/14",70610,77220,104563,"2.2%",302,426,662,"3.2%",170,224,349,"3.2%",115,190,291,"3.0%",17,12,23,"4.7%",186,250,467,"4.5%",488,676,1130,"3.7%",234,181,158,"-1.0%",145,114,93,"-1.5%",0.62,0.63,0.59,"-0.5%",0.47,0.46,0.45,"-0.2%",0.64,0.66,0.69,"0.3%",0.64,0.66,0.69,"0.4%",124,236,1.9,37,"30%",65,"28%",42,"34%",98,"41%",0,"0.0%",0,"0.0%",45,"36%",73,"31%"
"Paris","France","Europe and Japan",48.863,2.315,"5/1/87","8/1/00","5/1/14",9265734,10009893,11114026,"0.8%",127790,158629,198626,"1.6%",101932,131083,166725,"1.7%",24058,25609,29219,"1.0%",1801,1937,2682,"2.4%",69420,72727,79222,"0.6%",197210,231356,277848,"1.3%",73,63,56,"-0.9%",47,43,40,"-0.6%",0.65,0.69,0.71,"0.3%",0.3,0.25,0.23,"-0.6%",0.86,0.85,0.85,"0.1%",0.84,0.82,0.83,"0.1%",31045,40476,1.3,16010,"52%",20201,"50%",4748,"15%",9282,"23%",649,"2.1%",698,"1.7%",9638,"31%",10296,"25%"
"Pematangtiantar","Indonesia","Southeast Asia",2.962,99.074,"7/1/94","7/1/01","2/1/14",233506,214274,219790,"0.2%",1090,1369,1650,"1.5%",799,1025,1296,"1.9%",262,319,322,"0.1%",29,25,32,"1.9%",651,779,920,"1.3%",1741,2148,2571,"1.4%",214,156,133,"-1.3%",134,100,86,"-1.2%",0.63,0.64,0.64,"0.1%",0.37,0.34,0.32,"-0.5%",0.91,0.91,0.92,"0.0%",0.9,0.91,0.91,"0.0%",279,280,1,125,"45%",131,"47%",0,"0%",99,"35%",97,"34.8%",0,"0.0%",57,"20%",50,"18%"
"Philadelphia","United States","Land-Rich Developed Countries",40.015,-75.168,"6/1/90","5/1/00","4/1/14",4760536,5329830,5852880,"0.7%",163084,223016,298214,"2.1%",111804,155082,222643,"2.6%",48219,63623,70673,"0.8%",3061,4311,4897,"0.9%",123316,166522,193646,"1.1%",286400,389538,491860,"1.7%",29,24,20,"-1.4%",17,14,12,"-1.0%",0.57,0.57,0.61,"0.4%",0.38,0.37,0.34,"-0.6%",0.77,0.79,0.81,"0.2%",0.74,0.77,0.79,"0.2%",59931,75263,1.3,20384,"34%",36704,"49%",18653,"31%",18250,"24%",710,"1.2%",1175,"1.6%",20184,"34%",19135,"25%"
"Pingxiang, Jiangxi","China","East Asia and the Pacific",27.643,113.851,"2/1/89","12/1/99","9/1/13",192628,475926,757573,"3.4%",2746,8944,15265,"3.9%",1017,4295,7894,"4.4%",1582,4202,6755,"3.5%",147,446,616,"2.4%",3090,8915,15550,"4.0%",5837,17859,30815,"4.0%",70,53,50,"-0.5%",33,27,25,"-0.6%",0.47,0.5,0.5,"-0.1%",0.53,0.47,0.45,"-0.2%",0.53,0.69,0.69,"0.0%",0.55,0.7,0.7,"0.0%",6197,6321,1,954,"15%",1377,"22%",2203,"36%",2085,"33%",15,"0.2%",4,"0.1%",3025,"49%",2855,"45%"
"Pokhara","Nepal","South and Central Asia",28.22,83.98,"4/1/89","1/1/00","5/1/13",80223,138941,272830,"5.1%",935,1160,1630,"2.6%",494,787,1213,"3.2%",404,351,378,"0.5%",37,22,40,"4.4%",807,862,1036,"1.4%",1741,2022,2667,"2.1%",86,120,167,"2.5%",46,69,102,"3.0%",0.54,0.57,0.61,"0.5%",0.49,0.43,0.37,"-1.1%",0.9,0.94,0.86,"-0.7%",0.88,0.93,0.84,"-0.7%",225,469,2.1,128,"57%",219,"47%",66,"29%",146,"31%",0,"0.0%",0,"0.0%",31,"14%",104,"22%"
"Port Elizabeth","South Africa","Sub-Saharan Africa",13.052,5.23,"6/1/90","7/1/01","7/1/13",608113,645910,952747,"3.2%",10349,12137,18141,"3.3%",7387,9534,14668,"3.6%",2806,2482,3443,"2.7%",156,121,30,"-11.6%",6378,6436,8910,"2.7%",16727,18573,27051,"3.1%",59,53,53,"-0.1%",36,35,35,"0.1%",0.62,0.65,0.67,"0.2%",0.35,0.32,0.31,"-0.2%",0.82,0.83,0.68,"-1.6%",0.81,0.82,0.67,"-1.7%",1788,8588,4.8,855,"48%",1071,"12%",729,"41%",1079,"13%",6,"0.4%",769,"9.0%",198,"11%",5669,"66%"
"Portland, OR","United States","Land-Rich Developed Countries",45.52,-122.666,"9/1/90","9/1/00","8/1/14",1131570,1512404,1904409,"1.7%",48909,67673,88455,"1.9%",34370,54167,75185,"2.4%",13719,12786,12204,"-0.3%",820,720,1066,"2.8%",35195,38166,40068,"0.3%",84104,105838,128523,"1.4%",23,22,22,"-0.3%",13,14,15,"0.3%",0.58,0.64,0.69,"0.5%",0.37,0.31,0.26,"-1.2%",0.79,0.83,0.84,"0.1%",0.78,0.82,0.83,"0.1%",18764,20700,1.1,9319,"50%",11641,"56%",6015,"32%",2752,"13%",154,"0.8%",978,"4.7%",3275,"17%",5329,"26%"
"Pune","India","South and Central Asia",18.524,73.864,"2/1/91","4/1/01","1/1/11",1752854,3676767,5509160,"4.1%",2623,13480,32338,"9.0%",1029,9406,27021,"10.8%",1485,3812,4945,"2.7%",109,262,372,"3.6%",2804,8585,13606,"4.7%",5427,22065,45944,"7.5%",668,273,170,"-4.8%",323,167,120,"-3.4%",0.48,0.61,0.7,"1.5%",0.51,0.37,0.26,"-3.6%",0.8,0.72,0.85,"1.7%",0.78,0.72,0.85,"1.6%",10856,18858,1.7,2432,"22%",4357,"23%",5671,"52%",11539,"61%",0,"0.0%",150,"0.8%",2753,"25%",2812,"15%"
"Pyongyang","Korea Dem. Rep.","East Asia and the Pacific",39.045,125.767,"3/1/90","5/1/00","3/1/14",1524988,1674292,1996172,"1.3%",8695,11242,11463,"0.1%",6567,8498,8642,"0.1%",1942,2538,2601,"0.2%",186,205,220,"0.5%",5029,6292,6522,"0.3%",13724,17534,17985,"0.2%",175,149,174,"1.1%",111,95,111,"1.1%",0.63,0.64,0.64,"0.0%",0.34,0.33,0.33,"0.1%",0.82,0.82,0.83,"0.0%",0.8,0.82,0.82,"0.0%",2547,221,0.1,1013,"40%",81,"37%",850,"33%",34,"15%",26,"1.0%",7,"3.2%",658,"26%",99,"45%"
"Qingdao, Shandong","China","East Asia and the Pacific",36.22,120.403,"5/1/90","1/1/00","8/1/13",853484,1540789,4501931,"7.9%",4813,11752,71528,"13.3%",1326,6829,58008,"15.8%",3231,4553,12591,"7.5%",257,370,928,"6.8%",5941,10987,30971,"7.6%",10754,22739,102499,"11.1%",177,131,63,"-5.4%",79,68,44,"-3.2%",0.45,0.52,0.7,"2.2%",0.57,0.46,0.26,"-4.1%",0.48,0.66,0.8,"1.4%",0.49,0.68,0.79,"1.1%",6939,59776,8.6,1611,"23%",11196,"19%",3341,"48%",32849,"55%",7,"0.1%",294,"0.5%",1979,"29%",15437,"26%"
"Qom","Iran","South and Central Asia",34.64,50.876,"1/1/90","7/1/01","5/1/10",597132,847703,1071783,"2.7%",3104,5124,8404,"5.6%",2455,3888,6777,"6.3%",599,1142,1504,"3.1%",50,94,123,"3.0%",1626,2407,3216,"3.3%",4730,7531,11620,"4.9%",192,165,128,"-2.9%",126,113,92,"-2.3%",0.66,0.68,0.72,"0.7%",0.3,0.27,0.25,"-0.8%",0.91,0.8,0.78,"-0.2%",0.89,0.77,0.76,"-0.1%",2019,3280,1.6,763,"38%",802,"24%",689,"34%",1967,"60%",26,"1.3%",49,"1.5%",541,"27%",462,"14%"
"Quito","Ecuador","Latin America and the Caribbean",-0.135,-78.443,"6/1/88","12/1/00","6/1/13",854477,1358278,2173697,"3.8%",5585,9792,22665,"6.7%",4220,7412,16057,"6.2%",1267,2182,6178,"8.3%",98,198,430,"6.2%",3745,5897,15643,"7.8%",9331,15689,38308,"7.1%",153,139,96,"-3.0%",92,87,57,"-3.4%",0.6,0.62,0.59,"-0.4%",0.34,0.3,0.34,"1.0%",0.6,0.61,0.69,"1.0%",0.61,0.61,0.69,"0.9%",4206,12349,2.9,1628,"39%",2628,"21%",1582,"38%",6017,"49%",0,"0.0%",20,"0.2%",996,"24%",3684,"30%"
"Rajshahi","Bangladesh","South and Central Asia",24.367,88.6,"5/1/90","11/1/00","1/1/10",26943,320085,517053,"5.2%",36,1401,3234,"9.1%",0,619,1668,"10.8%",31,727,1437,"7.4%",5,55,129,"9.3%",67,1358,2775,"7.8%",103,2759,6009,"8.5%",745,228,160,"-3.9%",261,116,86,"-3.3%",0.35,0.51,0.54,"0.6%",0.7,0.51,0.47,"-1.1%",0.99,0.64,0.62,"-0.4%",0.98,0.65,0.61,"-0.7%",1365,1832,1.3,32,"2%",555,"30%",927,"68%",452,"25%",4,"0.3%",10,"0.6%",403,"30%",815,"44%"
"Raleigh","United States","Land-Rich Developed Countries",35.807,-78.675,"10/1/90","11/1/00","5/1/13",262552,702158,1188416,"4.2%",12143,40683,78270,"5.2%",5210,19741,41155,"5.9%",6543,19577,34480,"4.5%",390,1366,2634,"5.3%",14012,43161,80658,"5.0%",26155,83845,158928,"5.1%",22,17,15,"-1.0%",10,8,7,"-0.9%",0.46,0.49,0.49,"0.1%",0.51,0.48,0.47,"-0.2%",0.81,0.68,0.78,"1.1%",0.8,0.69,0.77,"0.9%",28539,37586,1.3,4324,"15%",7889,"21%",7286,"26%",18126,"48%",803,"2.8%",99,"0.3%",16127,"57%",11472,"31%"
"Rawang","Malaysia","Southeast Asia",3.33,101.577,"6/1/89","9/1/01","3/1/14",13532,43521,236967,"13.6%",243,968,4876,"12.9%",0,403,2610,"14.9%",221,538,2130,"11.0%",21,26,136,"13.1%",338,1003,4344,"11.7%",581,1971,9220,"12.3%",56,45,49,"0.6%",23,22,26,"1.2%",0.42,0.49,0.53,"0.6%",0.64,0.51,0.48,"-0.5%",0.83,0.9,0.65,"-2.5%",0.82,0.89,0.65,"-2.5%",724,3908,5.4,80,"11%",549,"14%",489,"68%",653,"17%",0,"0.1%",20,"0.5%",154,"21%",2686,"69%"
"Reynosa","Mexico","Latin America and the Caribbean",26.063,-98.302,"7/1/91","6/1/00","7/1/13",197217,286782,479078,"3.9%",7489,8640,12028,"2.5%",5858,7177,10006,"2.5%",1537,1367,1907,"2.5%",93,96,116,"1.4%",3317,3321,4356,"2.1%",10806,11961,16384,"2.4%",26,33,40,"1.4%",18,24,29,"1.5%",0.69,0.72,0.73,"0.1%",0.27,0.24,0.23,"-0.4%",0.76,0.78,0.8,"0.2%",0.75,0.77,0.79,"0.3%",1151,3387,2.9,587,"51%",840,"25%",481,"42%",2207,"65%",0,"0.0%",103,"3.0%",83,"7%",237,"7%"
"Ribeirao Preto","Brazil","Latin America and the Caribbean",-21.172,-47.798,"12/1/90","3/1/01","3/1/14",372764,468285,607350,"2.0%",7365,8937,10917,"1.5%",6713,7925,9385,"1.3%",609,944,1418,"3.1%",43,69,114,"3.8%",2208,2994,4127,"2.5%",9573,11931,15044,"1.8%",51,52,56,"0.5%",39,39,40,"0.2%",0.77,0.75,0.73,"-0.2%",0.19,0.21,0.22,"0.4%",0.91,0.9,0.91,"0.0%",0.91,0.9,0.9,"0.0%",1571,1979,1.3,280,"18%",625,"32%",779,"50%",851,"43%",0,"0.0%",0,"0.0%",513,"33%",503,"25%"
"Riyadh","Saudi Arabia","Western Asia and North Africa",24.686,46.742,"8/1/90","8/1/00","8/1/13",2210740,3311356,5552240,"4.0%",30305,45496,95861,"5.7%",24251,37741,84857,"6.2%",5631,7255,10778,"3.0%",424,500,226,"-6.1%",15582,21315,31945,"3.1%",45887,66811,127805,"5.0%",73,73,58,"-1.8%",48,50,43,"-1.0%",0.66,0.68,0.75,"0.7%",0.29,0.26,0.19,"-2.4%",0.83,0.88,0.91,"0.3%",0.82,0.87,0.9,"0.3%",15190,50422,3.3,5492,"36%",12767,"25%",6542,"43%",33179,"66%",2,"0.0%",3,"0.0%",3154,"21%",4472,"9%"
"Rovno","Ukraine","Europe and Japan",50.624,26.248,"5/1/90","5/1/00","5/1/14",207139,235250,286691,"1.4%",1954,2838,6201,"5.6%",1463,2271,4127,"4.3%",460,540,1917,"9.0%",30,27,157,"12.7%",1160,1145,3277,"7.5%",3114,3983,9477,"6.2%",106,83,46,"-4.2%",67,59,30,"-4.8%",0.63,0.71,0.65,"-0.6%",0.38,0.28,0.34,"1.4%",0.93,0.87,0.65,"-2.1%",0.93,0.85,0.64,"-2.0%",883,3363,3.8,489,"55%",513,"15%",178,"20%",627,"19%",14,"1.6%",36,"1.1%",202,"23%",2187,"65%"
"Saidpur","Bangladesh","South and Central Asia",25.802,88.881,"11/1/90","11/1/01","4/1/14",104935,102621,111029,"0.6%",267,323,871,"8.0%",144,200,572,"8.5%",112,112,278,"7.3%",11,10,21,"5.7%",225,246,586,"7.0%",492,569,1457,"7.6%",393,318,127,"-7.4%",213,180,76,"-6.9%",0.54,0.57,0.6,"0.4%",0.48,0.44,0.38,"-1.3%",0.86,0.86,0.81,"-0.4%",0.86,0.86,0.8,"-0.5%",55,548,10,30,"55%",121,"22%",13,"24%",331,"60%",0,"0.0%",0,"0.0%",11,"20%",96,"18%"
"Saint Petersburg","Russia","Europe and Japan",59.911,30.348,"7/1/90","5/1/00","5/1/14",3871640,3855458,5070516,"2.0%",36039,46787,68500,"2.7%",31360,39026,54051,"2.3%",4437,7262,13530,"4.4%",243,500,920,"4.4%",13243,18885,32235,"3.8%",49282,65672,100735,"3.1%",107,82,74,"-0.8%",79,59,50,"-1.1%",0.73,0.71,0.68,"-0.3%",0.27,0.28,0.3,"0.4%",0.81,0.73,0.73,"-0.1%",0.79,0.71,0.7,"-0.1%",10748,21712,2,2735,"25%",3326,"15%",2120,"20%",6246,"29%",461,"4.3%",529,"2.4%",5431,"51%",11610,"53%"
"San Salvador","El Salvador","Latin America and the Caribbean",13.7,-89.201,"3/1/91","10/1/99","1/1/14",1242224,1293520,1693748,"1.9%",8216,10501,16889,"3.3%",6677,8876,14155,"3.3%",1429,1510,2535,"3.6%",110,115,199,"3.8%",4312,4592,6970,"2.9%",12529,15093,23859,"3.2%",151,123,100,"-1.4%",99,86,71,"-1.3%",0.66,0.7,0.71,"0.1%",0.3,0.25,0.23,"-0.8%",0.75,0.76,0.78,"0.1%",0.73,0.75,0.75,"0.0%",2284,6387,2.8,1072,"47%",2290,"36%",901,"39%",1864,"29%",0,"0.0%",0,"0.0%",311,"14%",2233,"35%"
"Sana","Yemen","Western Asia and North Africa",15.363,44.208,"9/1/89","5/1/00","11/1/14",929646,1513993,2258322,"2.8%",9051,13468,22113,"3.4%",7124,12120,15395,"1.6%",1819,1257,6302,"11.1%",109,90,416,"10.5%",4049,2769,14277,"11.3%",13100,16236,36390,"5.6%",103,112,102,"-0.7%",71,93,62,"-2.8%",0.69,0.83,0.61,"-2.1%",0.3,0.18,0.31,"3.8%",0.67,0.71,0.7,"-0.1%",0.65,0.7,0.69,"-0.1%",4416,8645,2,2061,"47%",180,"2%",1877,"42%",7028,"81%",117,"2.6%",0,"0.0%",361,"8%",1437,"17%"
"Santiago","Chile","Latin America and the Caribbean",-33.491,-70.67,"1/1/90","1/1/00","4/1/14",4499499,5396623,6486535,"1.3%",37861,47274,60381,"1.7%",35303,43639,53985,"1.5%",2412,3408,5890,"3.8%",146,227,506,"5.6%",7852,9856,15727,"3.3%",45713,57130,76108,"2.0%",119,114,107,"-0.4%",98,94,85,"-0.7%",0.83,0.83,0.79,"-0.3%",0.14,0.14,0.15,"0.9%",0.92,0.91,0.85,"-0.4%",0.9,0.9,0.83,"-0.5%",9412,13107,1.4,2311,"25%",2984,"23%",5829,"62%",7313,"56%",80,"0.8%",169,"1.3%",1192,"13%",2641,"20%"
"Sao Paulo","Brazil","Latin America and the Caribbean",-23.534,-46.615,"9/1/88","4/1/00","7/1/14",13654119,16866432,19609222,"1.1%",113867,156401,172428,"0.7%",100055,142463,158290,"0.7%",12896,12946,13170,"0.1%",916,992,968,"-0.2%",41666,38589,39480,"0.2%",155533,194990,211908,"0.6%",120,108,114,"0.4%",88,86,93,"0.5%",0.73,0.8,0.81,"0.1%",0.21,0.16,0.14,"-0.7%",0.86,0.86,0.86,"0.0%",0.85,0.84,0.85,"0.1%",42637,16094,0.4,22628,"53%",9532,"59%",11919,"28%",3580,"22%",1141,"2.7%",357,"2.2%",6949,"16%",2625,"16%"
"Seoul","Korea Rep.","East Asia and the Pacific",37.495,126.939,"8/1/91","5/1/00","5/1/14",17106932,19696142,23711624,"1.3%",67574,116423,199578,"3.9%",56047,88312,151051,"3.8%",10683,25947,45113,"4.0%",844,2164,3413,"3.3%",28229,65328,115171,"4.1%",95803,181751,314748,"3.9%",253,169,119,"-2.5%",179,108,75,"-2.6%",0.71,0.64,0.63,"-0.1%",0.25,0.3,0.3,"0.2%",0.7,0.75,0.8,"0.5%",0.69,0.73,0.79,"0.6%",48849,76396,1.6,9028,"18%",21712,"28%",24254,"50%",32453,"42%",43,"0.1%",1002,"1.3%",15524,"32%",21229,"28%"
"Shanghai, Shanghai","China","East Asia and the Pacific",31.25,121.44,"1/1/91","8/1/00","8/1/15",10044522,14460678,24387272,"3.5%",95071,200978,320046,"3.1%",45678,126666,269340,"5.0%",45621,69465,49025,"-2.3%",3772,4847,1681,"-7.1%",100510,166582,148826,"-0.8%",195581,367559,468872,"1.6%",106,72,76,"0.4%",51,39,52,"1.9%",0.49,0.55,0.68,"1.5%",0.47,0.37,0.25,"-2.7%",0.8,0.9,0.96,"0.4%",0.79,0.9,0.95,"0.4%",105906,119040,1.1,38013,"36%",66455,"56%",33213,"31%",37586,"32%",220,"0.2%",111,"0.1%",34459,"33%",14889,"13%"
"Sheffield","United Kingdom","Europe and Japan",53.454,-1.356,"5/1/92","9/1/02","11/1/13",1048927,1077868,1166836,"0.7%",21758,25687,27394,"0.6%",15245,19140,20908,"0.8%",6189,6221,6161,"-0.1%",324,326,325,"0.0%",14152,15896,16391,"0.3%",35909,41583,43785,"0.5%",48,42,43,"0.1%",29,26,27,"0.2%",0.61,0.62,0.63,"0.1%",0.39,0.36,0.35,"-0.3%",0.65,0.67,0.67,"0.1%",0.64,0.67,0.67,"0.1%",3929,1706,0.4,1690,"43%",725,"43%",543,"14%",114,"7%",449,"11.4%",222,"13.0%",1247,"32%",644,"38%"
"Shenzhen, Guangdong","China","East Asia and the Pacific",24.316,116.112,"10/1/87","1/1/00","10/1/13",455782,5955495,10945126,"4.4%",10017,41942,78521,"4.6%",7984,33088,70152,"5.5%",1901,8201,7862,"-0.3%",133,653,507,"-1.8%",3783,18151,25598,"2.5%",13800,60093,104119,"4.0%",45,142,139,"-0.1%",33,99,105,"0.4%",0.73,0.7,0.75,"0.6%",0.31,0.3,0.21,"-2.5%",0.49,0.57,0.68,"1.3%",0.5,0.57,0.67,"1.2%",31944,36584,1.1,2939,"9%",8110,"22%",21316,"67%",23639,"65%",26,"0.1%",455,"1.2%",7662,"24%",4381,"12%"
"Shymkent","Kazakhstan","South and Central Asia",42.315,69.63,"8/1/93","9/1/00","10/1/13",334602,376601,651614,"4.2%",7969,9239,19457,"5.7%",6695,7932,15179,"5.0%",1187,1206,4005,"9.2%",87,102,273,"7.5%",3024,3643,10279,"7.9%",10993,12882,29736,"6.4%",42,41,33,"-1.5%",30,29,22,"-2.2%",0.72,0.72,0.65,"-0.7%",0.25,0.23,0.28,"1.5%",0.71,0.74,0.72,"-0.2%",0.7,0.73,0.7,"-0.3%",1269,10217,8,511,"40%",1898,"19%",635,"50%",4946,"48%",0,"0.0%",0,"0.0%",123,"10%",3374,"33%"
"Sialkot","Pakistan","South and Central Asia",32.508,74.524,"11/1/92","10/1/00","10/1/14",413632,736095,1023264,"2.4%",1195,4582,5699,"1.6%",744,2836,4018,"2.5%",415,1672,1589,"-0.4%",36,75,92,"1.5%",843,3587,3922,"0.6%",2038,8169,9620,"1.2%",346,161,180,"0.8%",203,90,106,"1.2%",0.59,0.56,0.59,"0.4%",0.38,0.4,0.37,"-0.6%",0.87,0.9,0.88,"-0.1%",0.86,0.89,0.87,"-0.2%",3387,1117,0.3,348,"10%",524,"47%",2751,"81%",253,"23%",0,"0.0%",8,"0.7%",287,"8%",331,"30%"
"Singapore","Singapore","Southeast Asia",1.29,103.85,"4/1/90","10/1/02","4/1/13",2700539,4006613,5085789,"2.3%",15760,23618,27392,"1.4%",9379,17596,22311,"2.3%",6007,5711,4787,"-1.7%",373,311,294,"-0.5%",14221,15614,14646,"-0.6%",29981,39232,42039,"0.7%",171,170,186,"0.9%",90,102,121,"1.6%",0.53,0.6,0.65,"0.8%",0.44,0.37,0.33,"-1.2%",0.68,0.72,0.74,"0.3%",0.69,0.72,0.75,"0.3%",7857,3774,0.5,3097,"39%",2618,"69%",2684,"34%",541,"14%",505,"6.4%",152,"4.0%",1571,"20%",464,"12%"
"Singrauli","India","South and Central Asia",82.671,24.2,"1/1/90","2/1/00","2/1/10",8273,90805,136936,"4.1%",82,749,1739,"8.4%",0,249,968,"13.6%",71,455,705,"4.4%",11,45,66,"3.8%",133,898,1617,"5.9%",215,1647,3356,"7.1%",101,121,79,"-4.3%",39,55,41,"-3.0%",0.38,0.45,0.52,"1.3%",0.68,0.56,0.47,"-1.7%",0.97,0.8,0.76,"-0.5%",0.96,0.8,0.76,"-0.5%",666,989,1.5,57,"9%",228,"23%",368,"55%",503,"51%",1,"0.1%",0,"0.0%",240,"36%",258,"26%"
"Sitapur","India","South and Central Asia",27.568,80.692,"2/1/89","4/1/00","3/1/14",107700,132115,139273,"0.4%",614,984,1271,"1.8%",367,587,823,"2.4%",224,356,390,"0.7%",23,41,58,"2.5%",481,788,907,"1.0%",1095,1772,2178,"1.5%",175,134,110,"-1.5%",98,75,64,"-1.1%",0.56,0.56,0.58,"0.4%",0.45,0.44,0.41,"-0.5%",0.83,0.83,0.82,"-0.1%",0.82,0.82,0.81,"-0.1%",370,286,0.8,99,"27%",133,"47%",146,"40%",62,"22%",0,"0.0%",0,"0.0%",124,"34%",90,"31%"
"Springfield, MA","United States","Land-Rich Developed Countries",37.19,-93.293,"9/1/91","9/1/00","10/1/14",303222,470384,530272,"0.9%",9184,26790,36637,"2.2%",5412,15529,22210,"2.5%",3427,10553,13524,"1.8%",345,708,902,"1.7%",8824,25272,31017,"1.5%",18008,52062,67653,"1.9%",33,18,14,"-1.4%",17,9,8,"-1.0%",0.51,0.51,0.54,"0.4%",0.42,0.43,0.41,"-0.3%",0.82,0.79,0.81,"0.1%",0.82,0.77,0.79,"0.1%",17606,9846,0.6,3815,"22%",4288,"44%",7677,"44%",1284,"13%",0,"0.0%",26,"0.3%",6114,"35%",4248,"43%"
"Suining, Sichuan","China","East Asia and the Pacific",30.524,105.564,"9/1/88","7/1/00","8/1/13",57707,340355,439801,"2.0%",319,757,1940,"7.2%",207,591,1336,"6.2%",105,150,553,"10.0%",6,16,51,"8.8%",174,321,1087,"9.3%",493,1078,3027,"7.9%",181,450,227,"-5.2%",117,316,145,"-5.9%",0.65,0.7,0.64,"-0.7%",0.43,0.34,0.36,"0.2%",0.73,0.64,0.62,"-0.1%",0.74,0.65,0.64,"-0.1%",437,1182,2.7,91,"21%",148,"12%",299,"68%",871,"74%",0,"0.0%",0,"0.0%",47,"11%",164,"14%"
"Suva","Fiji","East Asia and the Pacific",-18.142,178.441,"8/1/91","10/1/99","5/1/14",25574,162385,182140,"0.8%",127,2258,2846,"1.6%",22,1420,1962,"2.2%",98,792,846,"0.4%",7,46,39,"-1.1%",118,1651,1876,"0.9%",245,3909,4722,"1.3%",202,72,64,"-0.8%",104,42,39,"-0.5%",0.52,0.58,0.6,"0.3%",0.6,0.44,0.4,"-0.7%",0.86,0.7,0.7,"0.1%",0.85,0.7,0.7,"0.0%",2131,589,0.3,153,"7%",267,"45%",1330,"62%",202,"34%",0,"0.0%",1,"0.1%",648,"30%",119,"20%"
"Sydney","Australia","Land-Rich Developed Countries",151.071,-33.798,"4/1/91","2/1/00","8/1/14",2871961,3318263,4114435,"1.5%",69123,86548,110033,"1.7%",51774,70447,90790,"1.7%",16371,15132,18000,"1.2%",978,969,1243,"1.7%",43913,43765,52493,"1.3%",113035,130313,162527,"1.5%",42,38,37,"-0.2%",25,25,25,"0.0%",0.61,0.66,0.68,"0.1%",0.35,0.3,0.28,"-0.5%",0.8,0.81,0.81,"0.0%",0.78,0.79,0.79,"0.0%",17463,23548,1.3,10107,"58%",10100,"43%",3755,"22%",6449,"27%",1003,"5.7%",343,"1.5%",2598,"15%",6657,"28%"
"Taipei, Taiwan","China","East Asia and the Pacific",25.047,121.546,"7/1/90","3/1/01","1/1/14",5541394,7266320,8591170,"1.3%",21852,38042,70235,"4.8%",17829,27929,52099,"4.9%",3760,9329,16734,"4.6%",263,785,1402,"4.5%",8271,22736,40291,"4.5%",30123,60778,110526,"4.7%",254,191,122,"-3.5%",184,120,78,"-3.4%",0.73,0.63,0.64,"0.1%",0.27,0.32,0.3,"-0.4%",0.69,0.57,0.71,"1.6%",0.67,0.57,0.7,"1.7%",16190,32192,2,1989,"12%",10983,"34%",3551,"22%",12473,"39%",19,"0.1%",10,"0.0%",10631,"66%",8727,"27%"
"Tangshan, Hebei","China","East Asia and the Pacific",39.648,118.19,"9/1/90","7/1/00","7/1/13",819328,1139998,2699870,"6.6%",7767,12568,58221,"11.8%",5677,9132,39211,"11.2%",1934,3197,17904,"13.3%",155,240,1107,"11.8%",3749,6313,32014,"12.5%",11516,18882,90235,"12.0%",105,91,46,"-5.2%",71,60,30,"-5.4%",0.67,0.67,0.65,"-0.2%",0.33,0.32,0.36,"0.8%",0.81,0.77,0.7,"-0.7%",0.8,0.75,0.69,"-0.7%",4801,45652,9.5,936,"19%",2846,"6%",1742,"36%",20706,"45%",50,"1.0%",803,"1.8%",2074,"43%",21297,"47%"
"Tashkent","Uzbekistan","South and Central Asia",41.297,69.233,"8/1/90","10/1/99","9/1/13",2314220,2886114,3428914,"1.2%",26207,52030,63449,"1.4%",16332,37572,47173,"1.6%",9259,13500,15217,"0.9%",616,958,1059,"0.7%",24413,33589,38551,"1.0%",50621,85620,102000,"1.3%",88,55,54,"-0.2%",46,34,34,"0.0%",0.52,0.61,0.62,"0.2%",0.43,0.32,0.31,"0.0%",0.93,0.74,0.68,"-0.7%",0.92,0.71,0.64,"-0.7%",25823,11418,0.4,11714,"45%",5129,"45%",4649,"18%",920,"8%",105,"0.4%",243,"2.1%",9355,"36%",5127,"45%"
"Tebessa ","Algeria","Western Asia and North Africa",35.416,8.108,"5/1/88","6/1/01","8/1/14",100969,156741,203543,"2.0%",919,1796,2579,"2.7%",643,1414,2022,"2.7%",259,348,517,"3.0%",17,34,40,"1.2%",601,748,1088,"2.8%",1520,2544,3667,"2.8%",110,87,79,"-0.8%",66,62,56,"-0.8%",0.6,0.71,0.7,"0.0%",0.4,0.28,0.27,"-0.2%",0.93,0.86,0.85,"0.0%",0.92,0.83,0.83,"0.0%",876,783,0.9,319,"36%",176,"23%",391,"45%",459,"59%",0,"0.0%",0,"0.0%",167,"19%",147,"19%"
"Tehran","Iran","South and Central Asia",35.705,51.384,"6/1/91","7/1/00","6/1/10",6254309,8025064,9675929,"1.9%",32148,47429,61367,"2.6%",26722,41825,54161,"2.6%",5041,5157,6648,"2.6%",385,447,558,"2.2%",14955,14575,17030,"1.6%",47103,62005,78398,"2.4%",195,169,158,"-0.7%",133,129,123,"-0.5%",0.68,0.76,0.78,"0.2%",0.26,0.2,0.19,"-0.4%",0.87,0.81,0.79,"-0.3%",0.85,0.79,0.77,"-0.2%",15280,13938,0.9,7385,"48%",4488,"32%",4548,"30%",4229,"30%",233,"1.5%",2265,"16.3%",3115,"20%",2956,"21%"
"Tel Aviv","Israel","Western Asia and North Africa",32.077,34.839,"8/1/87","5/1/00","8/1/14",967661,1953109,2774395,"2.5%",7304,22666,33397,"2.7%",5858,16766,24419,"2.6%",1363,5438,8282,"3.0%",83,462,697,"2.9%",3660,14359,20922,"2.6%",10963,37025,54319,"2.7%",132,86,83,"-0.3%",88,53,51,"-0.2%",0.67,0.61,0.61,"0.0%",0.28,0.34,0.32,"-0.3%",0.79,0.72,0.78,"0.6%",0.78,0.71,0.77,"0.6%",15362,10731,0.7,3018,"20%",3680,"34%",6148,"40%",3564,"33%",0,"0.0%",62,"0.6%",6196,"40%",3426,"32%"
"Thessaloniki","Greece","Europe and Japan",40.65,22.916,"8/1/90","3/1/00","9/1/11",744994,828396,859431,"0.3%",4543,6888,10568,"3.7%",3429,5195,8009,"3.8%",1046,1592,2402,"3.6%",68,101,157,"3.9%",2465,4001,5879,"3.3%",7008,10889,16447,"3.6%",164,120,81,"-3.4%",106,76,52,"-3.3%",0.65,0.63,0.64,"0.1%",0.32,0.31,0.3,"-0.2%",0.73,0.68,0.66,"-0.2%",0.71,0.67,0.66,"-0.1%",2363,3684,1.6,845,"36%",1283,"35%",870,"37%",1347,"37%",0,"0.0%",0,"0.0%",649,"27%",1054,"29%"
"Tianjin,  Tianjin","China","East Asia and the Pacific",39.142,117.189,"10/1/90","6/1/00","9/1/13",4335420,4723410,10056078,"5.7%",20124,27331,152442,"13.0%",16724,22038,111533,"12.2%",3146,4873,38192,"15.5%",255,421,2717,"14.1%",7120,11034,83849,"15.3%",27245,38365,236292,"13.7%",215,173,66,"-7.3%",159,123,43,"-8.0%",0.74,0.71,0.65,"-0.7%",0.27,0.28,0.33,"1.4%",0.89,0.8,0.76,"-0.4%",0.88,0.78,0.74,"-0.4%",7207,125110,17.4,862,"12%",11092,"9%",2463,"34%",75377,"60%",613,"8.5%",175,"0.1%",3268,"45%",38467,"31%"
"Tijuana","Mexico","Latin America and the Caribbean",32.499,-116.97,"4/1/89","4/1/00","5/1/14",605336,1156319,1706084,"2.8%",10753,18798,28626,"3.0%",9368,17032,25718,"2.9%",1296,1639,2732,"3.6%",88,127,176,"2.3%",4791,5622,7916,"2.4%",15544,24421,36543,"2.9%",56,62,60,"-0.2%",39,47,47,"-0.1%",0.69,0.77,0.78,"0.1%",0.26,0.19,0.17,"-0.7%",0.88,0.86,0.85,"-0.1%",0.87,0.85,0.83,"-0.2%",8053,9752,1.2,2560,"32%",3143,"32%",4588,"57%",3791,"39%",4,"0.0%",465,"4.8%",901,"11%",2352,"24%"
"Tokyo","Japan","Europe and Japan",35.682,139.649,"12/1/90","9/1/00","5/1/14",29181161,31349978,34765638,"0.8%",278695,324835,448929,"2.4%",233260,281859,380755,"2.2%",43068,40277,63408,"3.3%",2367,2699,4766,"4.2%",139209,139054,194311,"2.4%",417904,463890,643240,"2.4%",105,97,77,"-1.6%",70,68,54,"-1.6%",0.67,0.7,0.7,"0.0%",0.28,0.25,0.23,"-0.4%",0.84,0.83,0.84,"0.1%",0.83,0.81,0.82,"0.1%",46220,124201,2.7,28173,"61%",52177,"42%",8917,"19%",44314,"36%",1088,"2.4%",68,"0.1%",8042,"17%",27643,"22%"
"Toledo","United States","Land-Rich Developed Countries",41.655,-83.602,"8/1/90","9/1/00","6/1/14",402895,458978,489974,"0.5%",12964,21486,33057,"3.1%",6219,13602,23668,"4.0%",6355,7383,8744,"1.2%",389,501,645,"1.8%",13777,17951,22984,"1.8%",26740,39436,56042,"2.6%",31,21,15,"-2.7%",15,12,9,"-2.1%",0.48,0.54,0.59,"0.6%",0.5,0.42,0.37,"-0.9%",0.88,0.89,0.92,"0.2%",0.87,0.88,0.91,"0.3%",8521,11571,1.4,3618,"42%",5126,"44%",2872,"34%",3127,"27%",0,"0.0%",16,"0.1%",2032,"24%",3302,"29%"
"Tyumen","Russia","Europe and Japan",57.16,65.551,"4/1/90","8/1/99","9/1/11",419522,464410,557794,"1.5%",6670,9979,13171,"2.3%",5087,8382,10296,"1.7%",1493,1481,2656,"4.8%",90,116,219,"5.2%",3708,3647,6029,"4.2%",10378,13627,19200,"2.8%",63,47,42,"-0.8%",40,34,29,"-1.3%",0.64,0.73,0.69,"-0.5%",0.36,0.26,0.28,"0.6%",0.76,0.78,0.81,"0.3%",0.75,0.77,0.79,"0.3%",3308,3191,1,1694,"51%",797,"25%",1160,"35%",1395,"44%",0,"0.0%",46,"1.4%",454,"14%",954,"30%"
"Ulaanbaatar","Mongolia","East Asia and the Pacific",47.93,106.889,"9/1/90","8/1/01","6/1/14",426960,633616,1070573,"4.1%",7269,9283,15493,"4.0%",6350,8401,13567,"3.7%",864,830,1790,"6.0%",55,51,137,"7.7%",2595,2611,4558,"4.3%",9863,11894,20051,"4.1%",59,68,69,"0.1%",43,53,53,"0.0%",0.74,0.78,0.77,"-0.1%",0.25,0.18,0.19,"0.1%",0.73,0.77,0.8,"0.2%",0.72,0.76,0.78,"0.2%",2019,6210,3.1,916,"45%",1400,"23%",1018,"50%",3584,"58%",0,"0.0%",12,"0.2%",85,"4%",1214,"20%"
"Valledupar","Colombia","Latin America and the Caribbean",10.464,-73.261,"12/1/89","10/1/01","2/1/11",171357,263543,392935,"4.3%",1516,2236,2688,"2.0%",1287,1924,2336,"2.1%",203,288,333,"1.6%",27,25,19,"-2.5%",632,757,937,"2.3%",2149,2994,3625,"2.0%",113,118,146,"2.3%",80,88,108,"2.2%",0.71,0.75,0.74,"-0.1%",0.27,0.22,0.22,"-0.3%",0.95,0.95,0.96,"0.1%",0.95,0.95,0.96,"0.1%",719,451,0.6,235,"33%",113,"25%",439,"61%",294,"65%",0,"0.0%",0,"0.0%",45,"6%",44,"10%"
"Victoria","Canada","Land-Rich Developed Countries",48.456,-123.401,"8/1/90","7/1/00","9/1/13",224424,275203,318267,"1.1%",7219,11613,13351,"1.1%",4916,8680,10150,"1.2%",2149,2767,3009,"0.6%",154,166,193,"1.1%",4989,6607,7295,"0.8%",12208,18220,20646,"0.9%",31,24,24,"0.0%",18,15,15,"0.2%",0.59,0.64,0.65,"0.1%",0.38,0.33,0.32,"-0.4%",0.79,0.6,0.62,"0.2%",0.76,0.6,0.61,"0.2%",4401,1759,0.4,1792,"41%",909,"52%",865,"20%",441,"25%",0,"0.0%",4,"0.2%",1744,"40%",405,"23%"
"Vienna","Austria","Europe and Japan",48.124,16.346,"6/1/91","9/1/00","8/1/13",1551706,1760685,2025195,"1.1%",17226,30978,36563,"1.3%",11277,24165,28833,"1.4%",5599,6350,7225,"1.0%",351,462,505,"0.7%",13294,15720,16785,"0.5%",30521,46697,53347,"1.0%",90,57,55,"-0.2%",51,38,38,"0.1%",0.56,0.66,0.69,"0.3%",0.38,0.31,0.29,"-0.6%",0.83,0.73,0.72,"-0.1%",0.82,0.7,0.7,"0.0%",13751,5584,0.4,6458,"47%",2804,"50%",2461,"18%",805,"14%",262,"1.9%",94,"1.7%",4571,"33%",1880,"34%"
"Vijayawada","India","South and Central Asia",16.515,80.641,"11/1/91","10/1/00","6/1/14",824159,926989,1210498,"2.0%",2724,3874,4664,"1.4%",2040,3250,3662,"0.9%",647,581,927,"3.4%",37,42,75,"4.3%",1563,1532,1935,"1.7%",4287,5405,6599,"1.5%",303,239,260,"0.6%",192,171,183,"0.5%",0.64,0.72,0.71,"-0.1%",0.36,0.29,0.29,"0.2%",0.82,0.79,0.76,"-0.4%",0.81,0.79,0.74,"-0.4%",1149,790,0.7,561,"49%",273,"35%",449,"39%",61,"8%",0,"0.0%",27,"3.4%",139,"12%",429,"54%"
"Vinh Long","Vietnam","Southeast Asia",10.25,105.967,"4/1/89","11/1/00","1/1/14",22433,67416,222220,"9.1%",54,373,3794,"17.6%",0,119,2324,"22.6%",49,231,1372,"13.5%",5,23,97,"10.8%",63,313,2689,"16.3%",117,687,6483,"17.1%",413,181,59,"-8.6%",191,98,34,"-8.0%",0.46,0.54,0.59,"0.6%",0.66,0.56,0.43,"-1.9%",0.94,0.69,0.7,"0.1%",0.93,0.69,0.68,"-0.1%",318,3420,10.7,39,"12%",179,"5%",195,"61%",2749,"80%",0,"0.0%",0,"0.0%",85,"27%",492,"14%"
"Warsaw","Poland","Europe and Japan",52.234,21.024,"5/1/92","8/1/00","9/1/13",1833480,2128104,2298450,"0.6%",21130,33864,47779,"2.6%",14189,24409,37142,"3.2%",6460,8834,9904,"0.9%",481,621,734,"1.3%",15497,22409,26500,"1.3%",36627,56274,74279,"2.1%",87,63,48,"-2.0%",50,38,31,"-1.5%",0.58,0.6,0.64,"0.5%",0.4,0.36,0.31,"-1.1%",0.75,0.76,0.79,"0.3%",0.73,0.73,0.76,"0.3%",12734,13914,1.1,4497,"35%",6593,"47%",2968,"23%",4128,"30%",118,"0.9%",58,"0.4%",5151,"40%",3135,"23%"
"Wuhan, Hubei","China","East Asia and the Pacific",30.576,114.295,"9/1/90","9/1/00","9/1/13",2112069,4674398,8174063,"4.3%",17460,28916,102833,"9.8%",11360,21782,63008,"8.2%",5711,6653,36491,"13.1%",388,481,3334,"14.9%",12887,15357,80891,"12.8%",30347,44273,183723,"10.9%",121,162,79,"-5.5%",70,106,44,"-6.6%",0.58,0.65,0.56,"-1.2%",0.41,0.32,0.38,"1.3%",0.71,0.75,0.76,"0.0%",0.7,0.74,0.75,"0.0%",11455,73913,6.5,4919,"43%",12088,"16%",4292,"37%",31050,"42%",9,"0.1%",98,"0.1%",2235,"20%",30676,"42%"
"Xingping, Shaanxi","China","East Asia and the Pacific",34.308,108.463,"7/1/92","6/1/00","6/1/13",39458,68813,193390,"7.9%",271,503,2728,"13.0%",29,266,1289,"12.2%",217,201,1328,"14.5%",25,36,111,"8.7%",386,465,2794,"13.8%",657,968,5522,"13.4%",146,137,71,"-5.1%",60,71,35,"-5.4%",0.41,0.52,0.49,"-0.4%",0.62,0.49,0.47,"-0.3%",0.92,0.87,0.63,"-2.5%",0.91,0.86,0.61,"-2.6%",231,2225,9.6,93,"40%",383,"17%",67,"29%",874,"39%",2,"0.9%",49,"2.2%",69,"30%",919,"41%"
"Xucheng, Jiangsu","China","East Asia and the Pacific",33.004,118.507,"10/1/90","9/1/00","8/1/13",11599,60225,176753,"8.3%",31,383,3480,"17.1%",0,102,2420,"24.5%",25,265,988,"10.2%",6,16,72,"11.6%",45,422,2572,"14.0%",76,805,6052,"15.6%",369,157,51,"-8.8%",152,75,29,"-7.3%",0.41,0.48,0.57,"1.5%",0.7,0.57,0.4,"-2.7%",0.97,0.74,0.92,"1.7%",0.95,0.74,0.92,"1.6%",351,3097,8.8,12,"3%",198,"6%",0,"0%",2357,"76%",244,"69.5%",0,"0.0%",95,"27%",541,"17%"
"Yamaguchi","Japan","Europe and Japan",34.155,131.458,"9/1/90","3/1/99","5/1/14",115170,241088,244194,"0.1%",5214,10865,11841,"0.6%",2705,6415,7377,"0.9%",2351,4120,4158,"0.1%",158,331,306,"-0.5%",4430,8190,8165,"0.0%",9644,19056,20007,"0.3%",22,22,21,"-0.5%",12,13,12,"-0.2%",0.54,0.57,0.59,"0.2%",0.45,0.41,0.38,"-0.4%",0.51,0.57,0.58,"0.2%",0.53,0.58,0.59,"0.2%",2174,974,0.4,1044,"48%",620,"64%",565,"26%",125,"13%",7,"0.3%",7,"0.7%",559,"26%",222,"23%"
"Yanggu, Shandong","China","East Asia and the Pacific",36.116,115.786,"9/1/90","9/1/00","4/1/14",31068,53923,221306,"10.4%",450,1151,6498,"12.7%",321,666,2193,"8.8%",115,414,3964,"16.6%",14,71,341,"11.6%",279,862,6710,"15.1%",729,2013,13207,"13.9%",69,47,34,"-2.3%",43,27,17,"-3.5%",0.62,0.57,0.49,"-1.1%",0.37,0.41,0.52,"1.8%",0.97,0.89,0.76,"-1.2%",0.96,0.87,0.73,"-1.3%",701,5346,7.6,94,"13%",442,"8%",321,"46%",1992,"37%",23,"3.3%",15,"0.3%",262,"37%",2896,"54%"
"Yiyang, Hunan","China","East Asia and the Pacific",28.587,112.356,"7/1/94","9/1/99","10/1/13",274739,315559,412685,"1.9%",1751,3988,9951,"6.5%",1089,2580,6473,"6.5%",602,1289,3197,"6.5%",61,119,282,"6.1%",1326,2639,7353,"7.3%",3077,6627,17304,"6.8%",157,79,41,"-4.6%",89,48,24,"-4.9%",0.57,0.6,0.58,"-0.3%",0.43,0.39,0.37,"-0.5%",0.84,0.8,0.85,"0.5%",0.84,0.78,0.84,"0.5%",2236,5963,2.7,529,"24%",982,"16%",1328,"59%",3373,"57%",0,"0.0%",0,"0.0%",379,"17%",1607,"27%"
"Yucheng, Zhejiang","China","East Asia and the Pacific",28.125,121.247,"12/1/90","1/1/00","12/1/14",60050,142977,485305,"8.2%",1158,2888,9112,"7.7%",554,1523,6861,"10.1%",557,1282,2116,"3.4%",47,83,134,"3.3%",876,2289,4567,"4.6%",2034,5177,13679,"6.5%",52,50,53,"0.5%",30,28,35,"1.7%",0.57,0.56,0.67,"1.2%",0.51,0.48,0.34,"-2.2%",0.69,0.65,0.67,"0.2%",0.7,0.67,0.68,"0.2%",1730,6223,3.6,302,"17%",1271,"20%",321,"19%",1392,"22%",0,"0.0%",81,"1.3%",1107,"64%",3479,"56%"
"Yulin, Guangxi","China","East Asia and the Pacific",22.611,110.139,"10/1/91","10/1/00","1/1/09",250302,345816,633381,"7.3%",1287,3871,10753,"12.4%",794,2505,5833,"10.2%",448,1265,4445,"15.2%",45,102,474,"18.6%",808,2101,7340,"15.2%",2095,5972,18093,"13.4%",194,89,59,"-5.0%",119,58,35,"-6.1%",0.61,0.65,0.59,"-1.1%",0.42,0.35,0.41,"1.8%",0.73,0.84,0.69,"-2.3%",0.72,0.82,0.68,"-2.3%",2583,6881,2.7,342,"13%",1007,"15%",1653,"64%",3094,"45%",0,"0.0%",96,"1.4%",589,"23%",2684,"39%"
"Zhengzhou, Henan","China","East Asia and the Pacific",34.756,113.637,"10/1/92","8/1/00","9/1/15",1256956,2012209,7156619,"8.4%",12742,25588,137261,"11.1%",10334,20883,96929,"10.2%",2206,4311,37326,"14.3%",202,394,3006,"13.5%",5098,7096,73085,"15.5%",17840,32684,210346,"12.3%",99,79,52,"-2.7%",70,62,34,"-3.9%",0.71,0.78,0.65,"-1.2%",0.26,0.21,0.33,"2.9%",0.93,0.55,0.76,"2.1%",0.93,0.56,0.76,"2.1%",12845,111672,8.7,3615,"28%",6262,"6%",0,"0%",56558,"51%",4550,"35.4%",1082,"1.0%",4680,"36%",47771,"43%"
"Zhuji, Zhejiang","China","East Asia and the Pacific",29.725,120.237,"6/1/90","5/1/00","4/1/13",367695,695581,979670,"2.7%",11970,29130,43826,"3.2%",1126,7815,19667,"7.1%",9969,19820,22592,"1.0%",875,1495,1567,"0.4%",17200,35217,45343,"2.0%",29170,64347,89168,"2.5%",31,24,22,"-0.5%",13,11,11,"0.1%",0.41,0.45,0.49,"0.6%",0.63,0.56,0.5,"-0.8%",0.57,0.69,0.76,"0.7%",0.57,0.68,0.74,"0.6%",17159,14695,0.9,3466,"20%",5274,"36%",4354,"25%",2988,"20%",200,"1.2%",43,"0.3%",9140,"53%",6390,"43%"
"Zunyi, Guizhou","China","East Asia and the Pacific",27.696,106.925,"6/1/88","4/1/01","12/1/13",24968,501484,534107,"0.5%",89,1788,5569,"9.0%",22,1329,4204,"9.1%",62,435,1253,"8.4%",6,24,112,"12.3%",98,1128,3105,"8.0%",187,2916,8674,"8.6%",280,281,96,"-8.5%",133,172,62,"-8.1%",0.48,0.61,0.64,"0.4%",0.59,0.37,0.33,"-0.8%",0.99,0.87,0.78,"-0.9%",0.99,0.86,0.77,"-0.9%",1698,3781,2.2,182,"11%",512,"14%",523,"31%",2478,"66%",67,"4.0%",130,"3.4%",926,"55%",661,"17%"
"Zwolle","Netherlands","Europe and Japan",52.513,6.09,"4/1/90","5/1/00","3/1/14",79950,92139,108237,"1.2%",2253,2764,3197,"1.1%",1874,2276,2743,"1.3%",349,446,419,"-0.5%",30,41,35,"-1.2%",972,1100,1125,"0.2%",3224,3864,4322,"0.8%",35,33,34,"0.1%",25,24,25,"0.4%",0.7,0.72,0.74,"0.2%",0.31,0.28,0.25,"-0.9%",0.92,0.9,0.9,"0.0%",0.91,0.89,0.88,"0.0%",511,433,0.8,182,"36%",209,"48%",259,"51%",171,"39%",0,"0.0%",1,"0.1%",70,"14%",52,"12%"
